-73.1298114045,-132.543559248,-9.5649588376,-0.62737168707
-2.23860944953,-27.9396437035,4.40734960017,-0.478209746472
8.18291375312,-9.69546959549,6.6196669875,-0.289044203631
10.6547582035,12.2889630763,4.73199332439,-0.0798750585448
11.0069239016,15.9136543117,5.68432861082,0.119297688786
10.8894108473,15.568604111,6.89667284681,0.308474038361
4.13221904085,10.233812474,4.75902603235,0.41765399018
6.59534848207,5.1692794007,4.71138816745,-0.113162455756
7.288799171,4.85500489119,5.6337592521,-0.163975299448
7.82257110765,8.69098894542,4.7361392863,-0.144784540895
-0.353335707991,12.1472315634,2.56852827005,-0.015590180098
-1.32892127591,9.22373274513,3.21092620335,0.123607782944
6.75581440388,14.0104924906,6.00333308621,0.26280934823
-14.2691286686,-12.0424892002,-1.15425108138,-0.12798548424
-15.7137504934,-4.65521232719,-1.64182629941,-0.268776714465
-23.8280510705,-33.4876768905,5.8506074321,-0.359564342446
-33.9920303998,-61.14988289,-1.91694988683,-0.400348368182
-32.2856884815,-58.0718303258,-1.62449825621,-0.341128791674
-21.1090253154,-34.6935191978,-0.172037676031,-0.261905612921
-24.2520409016,-40.2349495061,-0.439568146303,-0.322678831924
-23.6547352401,-27.8461212506,-0.647089667023,-0.293448448683
-24.1771083309,-22.5970344314,-0.834602238189,-0.254214463197
-35.4691601739,-56.2376890485,-2.4521058598,-0.364976875466
-27.1108907693,-48.3180851017,-0.519600531865,-0.315735685492
-24.4723001169,-32.7682225913,-1.30708625437,-0.356490893272
-17.2933882168,-13.6081015171,-0.724563027329,-0.377242498809
-29.894155069,-11.4177218791,-3.72203085073,-0.377990502101
-29.6746006735,0.522916322582,-3.77948972458,-0.338734903148
-34.1847250303,-19.856186912,-3.89693964888,-0.369475701951
-38.8945281394,-25.2350315828,-5.98438062362,-0.36021289851
-35.3940100007,-34.0736176898,-5.10181264882,-0.450946492824
-28.4331706143,-22.9819452331,-2.58923572445,-0.471676484893
-27.3020099803,-5.03001421267,-2.20664985054,-0.432402874719
-26.4905280985,-8.02782462848,-2.39405502707,-0.3931256623
-40.338724969,-43.4053764805,-4.58145125405,-0.423844847636
-36.2966005917,-50.3426697688,-3.25883853148,-0.414560430728
-27.0541549668,-40.0797044934,-0.806216859357,-0.395272411575
-25.4913880941,-26.9564806542,-1.24358623768,-0.375980790179
-22.8982999738,1.02700174872,-2.37094666645,-0.356685566537
-17.9648906057,-3.66925728459,0.371701854334,-0.337386740651
-26.8111599899,-17.2552577542,-1.51564067533,-0.298084312521
-49.2371081264,-84.76099966,-4.21297425544,-0.468778282147
-35.1427350152,-79.096483002,2.499701114,-0.459468649527
-23.7580406562,-55.8517077804,3.54238543299,-0.400155414664
14.2969749504,-1.71667399494,10.8150787015,-0.310838577556
10.3523118048,15.1986183542,9.10778091964,-0.171518138204
88.3979699069,159.594169267,22.6604920873,0.647805903393
11.1539492567,13.8399787438,8.1132122045,0.177133547235
-17.2397501458,-51.8139532157,4.50594127126,-0.17353520668
-9.43312830059,-38.6576266116,7.62867928757,-0.14420035835
-17.6961852076,-46.6210414437,3.70142625343,-0.104861907775
4.66107913301,1.13580228801,5.89418216885,-0.145519854956
13.7786647214,11.8429045834,8.16694703382,-0.0261741998926
1.50657155747,9.50026544259,4.13972084834,0.163175057415
2.09479964126,6.4078848655,4.81250361242,0.222527916968
-12.2566510272,-0.41423714784,0.805295326044,0.0718843787644
-21.407780448,-3.86610059743,-1.71190401078,-0.0887555571944
-23.2385886211,-7.60770548327,-1.95909439804,-0.389391890909
-28.5490755464,-0.369051805369,-3.58627583576,-0.400024622379
-33.659241224,0.949860436285,-4.73344832392,-0.330653751604
-33.6790856539,-1.65096875831,-4.61061186253,-0.311279278585
-42.3186088361,-53.0815393892,-3.98776645158,-0.471901203322
-31.7878107706,-56.1318514563,-1.03491209108,-0.472519525814
-30.2366914574,-61.1319049596,0.607951218966,-0.443134246062
-43.2452508964,-84.5916998992,-1.37917652143,-0.503745364065
-34.8134890878,-67.7512362751,-0.546295312276,-0.394352879824
-37.8714060314,-51.6305140872,-3.39340515357,-0.334956793338
-31.4290017273,-42.2595333355,-1.72050604531,-0.315557104608
-25.1862761755,-28.7282940201,-0.537597987493,-0.316153813634
-16.093229376,-10.906796141,1.12531901987,-0.346746920415
-2.22986132878,-2.70503969812,5.83824497679,-0.287336424952
-1.76617203384,2.04697530851,5.07117988327,-0.157922327244
6.48783850882,10.0692488789,6.56412373929,-0.0585046272919
1.2121702992,0.471781013027,5.34707654487,0.0609166749047
-3.72317666271,4.93457171091,3.5100383,0.0903415793457
-3.98820237691,-1.48237902746,3.46300900468,-0.130229913969
-3.69290684339,-1.11907120209,4.13598865892,-0.140797805039
-0.567290062161,6.82449518704,4.92897726271,-0.111362093865
3.45864796679,7.52832013991,5.94197481605,-0.0819227804457
-0.485092756553,1.48240365654,5.70498131894,0.00752013521749
1.37148776782,-2.34325426309,6.26799677139,0.00696665312515
6.42838953991,-5.00865361897,9.32102117339,-0.0635832267227
4.76561255972,-0.963794411105,6.87405452494,-0.0441295043262
-3.45684317276,-20.3186766395,5.80709682605,-0.0846721796852
19.9910223425,-2.48330030412,10.2001480767,-0.0552112527998
15.9392091054,-2.39766540501,10.8232082769,0.06425327633
10.5777171161,-4.09177194215,8.45627742668,0.0137214077043
11.8365463745,0.954380084462,8.749355526,-0.016806858677
9.57569688055,5.72079067482,8.64244257487,0.00266847718617
0.655168634354,9.23745982893,5.29553857329,0.102147415294
9.85496163587,5.10438754678,8.89864352126,0.0516299556458
21.8250758851,13.6315738284,13.4817574188,0.191116098242
22.0355113821,11.3190186737,12.6848802659,0.120605843083
14.7462681267,5.59672208284,10.1780120625,0.110099190168
16.6773461191,9.25468405569,10.3311528087,0.0495961394982
15.4987453592,13.9229045923,9.95430250443,0.179096691072
103.310465847,148.581383693,27.3474611497,0.988600844891
12.5225075825,11.7201213567,8.97062874457,0.228108600954
14.3148705658,5.01911758457,9.93380528896,0.0976199592617
19.8975547967,9.26837237616,12.1369907829,0.107134919814
17.3105602754,6.5778857315,12.3901852264,0.06665348261
23.0738870018,16.0676576506,12.7933886195,0.176175647651
27.5075349758,10.3276881334,14.8466009621,0.195701414936
-3.90849580234,-36.03202282,11.1198222542,-0.0847692155342
-25.9342053328,-46.6714752097,1.39305249596,-0.10523624376
-23.1695936156,-38.5006690356,1.00629168722,-0.175699669741
-24.9246606506,-34.0596042977,0.939539828042,-0.196159493478
-19.579406438,-21.5182809962,0.962796918414,-0.186615714971
-20.7638309776,-17.2066991308,1.12606295834,-0.127068334219
-11.6079342695,-1.98485870176,3.31933794782,-0.197517351223
4.74828368632,7.26724029106,8.99262188685,-0.147962765982
-0.635177110152,-8.43040215236,8.08591477543,-0.218404578497
10.0316833411,2.76221396796,8.60921661357,-0.178842788767
70.91886504,145.555088652,18.3125274013,0.530722603207
1.23636798671,11.3382218998,6.8558471385,0.0802915974252
5.32419218109,7.67161371141,8.82917582529,0.0698641938882
-10.7476623768,-20.2047359133,5.70251346164,-0.0305596074045
-3.889195687,-16.3008269742,6.70586004754,-0.110979806453
-11.2804077495,-14.8666594714,2.95921558299,-0.261396403256
-17.2812985642,3.73776659516,0.132580067997,-0.211809397816
-11.8618681313,3.38245122547,1.61595350256,-0.162218790131
-19.4021164506,-10.4526055805,0.909335886666,-0.172624580201
-19.9620435222,-0.677403822667,-0.0372727796697,-0.163026768027
-25.5716493461,-20.7819435011,0.286127503547,-0.293425353609
-25.9709339223,-9.28622461581,-0.480463263684,-0.353820336946
-27.4498972508,0.47975283324,-1.73704508136,-0.364211718039
-25.5085393315,-0.50401115396,-0.913617949486,-0.314599496887
-22.7268601646,0.842483422587,0.0998181319414,-0.254983673491
-21.3948597499,0.969236562883,0.943263162922,-0.18536424785
-22.9925380875,-8.26375173307,1.32671714346,-0.205741219965
-21.4298951774,-1.74648146528,0.660180073541,-0.306114589836
-14.4569310196,2.59104736626,1.62365195318,-0.316484357462
-7.79364561409,4.50883476155,3.69713278237,-0.206850522843
-12.2600389608,3.07688072059,2.13062256112,-0.0872130859805
-5.93611105989,5.63518524338,4.08412128941,-0.0175720468733
6.15813808878,4.24374832991,9.88762896726,-0.00792740552166
28.3227084852,7.8525699802,16.7911455947,-0.118279161926
19.5276001293,10.1116501942,11.9346711716,-0.108627316085
15.0428130211,12.430988972,10.6882056981,0.0810281319999
-1.53165283939,8.12058631354,4.76174917419,0.220687182329
-8.00579745214,5.37044221881,3.32530159981,0.230349834903
-25.3596208172,-2.76944331216,-1.06113702503,0.140016089721
-41.3231229345,-36.4890702794,-3.20756670031,-0.0303140532159
-25.1163038041,-6.22843868286,-1.06398742604,-0.430640593909
-27.719163426,-2.68754852259,-1.12039920221,-0.360963532357
-21.4317018002,0.683600201427,0.313197971166,-0.301282868561
-26.6239189267,-2.7249925108,-0.363195905903,-0.241598602521
-26.6758148054,-3.22332665929,-0.66958083342,-0.221910734236
-31.8173894365,-1.44140224402,-2.38595681138,-0.222219263706
-27.0286428198,-9.81921926501,-1.68232383979,-0.432524190933
-30.4895749554,-2.95677772225,-2.12868191865,-0.392825515915
-29.2201858433,-0.994077615739,-1.63503104796,-0.353123238652
-29.2604754835,-1.44111894548,-1.55137122771,-0.293417359145
-32.7404438759,-4.15790171147,-2.46770245791,-0.283707877393
-33.6700910207,-3.95442591372,-2.67402473856,-0.293994793397
-45.1694169177,-51.6306915522,-3.50033806965,-0.504278107157
-39.4684215671,-44.536698627,-1.91664245119,-0.474557818672
-18.3371049687,-17.082447138,2.74706211682,-0.414833927943
-32.6354671226,-23.1079370852,-1.70922436562,-0.375106434969
-12.2035080287,-8.96316846871,4.9844981015,-0.295375339751
-10.5312276872,-6.70814128847,5.81822951817,-0.195640642289
-16.948626098,-9.69285554447,2.59196988439,-0.205902342582
-16.185703261,2.54268876327,2.08571920016,-0.14616044063
32.8975408237,107.628491635,10.9994774655,0.213585063566
-22.7488938439,3.60455307,0.553244680372,-0.156665829994
-25.7150072638,-1.51912693101,-0.00297915519426,-0.156913121309
-20.940799436,0.467451631725,1.35080595879,-0.19715681038
-20.5662703605,-5.12571124179,2.93460002233,-0.197396897206
-17.4614200372,2.82138444844,2.77840303542,-0.197633381788
-57.5062484663,-85.1512612976,-4.90778500193,-0.487866264126
-21.2007556476,-21.3936484798,0.306035910264,-0.418095544219
-22.3749415812,-25.6057770984,0.939865772014,-0.378321222068
-21.7988062671,-39.4076471531,3.08370458332,-0.368543297672
-18.4123497052,-31.3092586442,2.66755234417,-0.278761771032
-16.3855718957,-1.75061157144,0.971409054581,-0.208976642147
-14.8584728385,3.26829406503,1.77527471454,-0.0891879110179
-16.1410525335,-1.40254173474,1.48914932406,-0.299395577644
-11.8033109808,-7.87311897077,3.80303288312,-0.259599642026
-10.1652481804,2.26656235694,3.67692539174,-0.179800104164
-9.31686413231,1.69650224841,3.89082684991,-0.129996964057
-11.6681588365,0.546700703624,2.62473725764,-0.180190221706
-9.90913229295,5.05715772259,3.60865661492,-0.0503798771102
-4.7497845017,0.927873305299,5.23258492175,-0.17056593027
-5.92011546273,0.308847451759,5.15652217813,-0.130748381185
-11.390125176,2.18008016197,2.81046838407,-0.130927229856
-15.2698136416,0.0415714359247,2.20442353956,-0.0911024762829
-11.8791808595,-0.50667872637,2.8683876446,-0.191274120465
-10.7082268297,4.51532967508,4.30236069919,-0.0614421624027
-6.78695155217,-3.60240335971,4.47634270334,-0.241606602096
-9.14535502692,-0.209877830763,4.27033365704,-0.211767439545
-10.083437254,-6.76709373806,3.88433356029,-0.251924674749
-3.07119823327,-0.0540510816165,5.8683424131,-0.162078307709
0.211362035129,-6.40074986142,7.50236021546,-0.152228338425
0.474243551241,3.45280992252,6.57638696737,0.00762523310444
1.70744631507,-1.24337172978,6.10042266883,-0.132517593122
1.57097032661,3.56070518166,7.03446731985,-0.0626568171044
1.62481558586,-1.70495934315,7.40852092042,-0.0927924388421
2.85898209283,2.45963469579,7.36258347054,-0.0229244583354
6.62346984752,1.24448729847,8.15665497022,-0.0330528755843
0.958278849918,3.97959846491,6.57073541944,0.0568223094113
7.61340910003,-1.31503180491,8.28482481822,-0.103298903349
7.11886059786,3.54059648902,8.71892316656,0.00658348613574
5.8446333434,2.4864833467,7.97303046444,-0.0235305221354
1.21072733666,2.89262876813,6.61714671188,0.0263590718379
-15.9828574224,-5.97096724669,2.96127190887,-0.00374773194433
-13.2361209337,0.945695302235,2.59540605542,-0.0638509334821
-12.6290631973,-8.37738358509,3.47954915152,-0.223950532776
-10.9716842132,1.58979609133,4.18370119717,-0.174046529824
-10.1539839813,-1.1927656685,4.18786219237,-0.184138924629
-11.9859625018,1.61493113542,3.71203213712,-0.144227717189
-10.7976197745,1.23288650309,3.85621103143,-0.114312907505
-9.69895579957,3.04110043451,4.28039887529,-0.104394495576
-14.3099705769,-8.53042707033,4.30459566871,-0.124472481403
63.8893358935,146.038303989,18.1088014117,0.465453135015
-4.46103638836,1.64729361125,5.77301610419,-0.114617646323
-2.01108742253,4.16654179766,6.34723974627,-0.0546848254163
-2.40081720898,1.97604854781,6.00147233789,-0.0247484022653
-1.73022574772,2.68581386172,5.89571387907,-0.0548083768699
-0.94931303875,2.26583773938,6.4799643698,-0.0148647492301
4.15192091794,4.84612018078,7.70422381008,-0.0549175193458
5.20347612234,-0.123338814068,8.33849219992,-0.0249666872171
2.54535257446,2.05746075483,7.14276953931,-0.0050122528439
-3.63244972571,0.138518887482,5.54705582825,-0.0050542162263
1.27006922184,0.86983558388,6.50135106674,-0.0650925773643
0.842909417098,-1.14858915597,7.01565525479,-0.0051273362578
3.71607086007,-1.03675533208,7.57996839239,-0.135158492907
-3.76044644924,-0.114662944437,5.93429047955,-0.0851860473115
6.12335748917,-1.68231199305,8.55862151625,-0.145209999472
2.66748267529,3.86029752209,7.27296150251,-0.0752303493876
6.13192910912,1.74316560098,8.48731043832,-0.0352470970589
88.2866967907,141.966292244,24.5216683237,0.884739757514
10.9617857199,2.42967745,9.7560351586,-0.00526978566829
8.22719589691,4.45332122014,9.13041094307,0.114724273394
2.2429273216,-7.77277644598,7.47479567709,-0.0352780652999
5.74897999401,2.03138445165,7.92918936067,-0.0452768017491
5.61535391413,1.18580391303,7.7635919938,-0.0352719359538
-36.197950918,-94.5295180618,6.94800357648,-0.465263467914
-26.7609345025,-72.734581473,9.27242410871,-0.35525139763
-19.8235968392,-34.1493863203,2.6068535905,-0.245235725101
-13.5159379282,-25.653932604,3.40129202184,-0.265216450328
-11.4479577696,-1.50822032385,2.78573940273,-0.195193573311
-9.23965636315,2.77775052002,3.61019573317,-0.0651670940491
-10.771033709,-0.936020072365,3.62466101317,0.0248629874572
-17.6620898072,-18.159532101,3.34913524272,-0.015103328792
-5.59282465764,-3.16278556588,4.98361842182,-0.195066042797
-5.28323826037,-2.51578046702,6.30811055048,-0.195025154557
-6.1133306154,2.22148319559,5.87261162869,-0.174980664073
-10.5931017227,-6.71099457805,5.43712165645,-0.114932571345
-17.5925515823,-19.8032137879,3.75164063376,-0.134880876372
-4.24168019417,-7.64517443408,5.70616856063,-0.154825579154
-23.6504875583,-19.9168765165,1.33070543705,-0.284766679692
-22.7289736748,-23.8483200351,1.69525126302,-0.314704177986
-32.6271385435,-46.69950499,1.19980603854,-0.364638074036
-20.0649821645,-25.0804313812,2.85436976362,-0.32456836784
-23.3325045378,-0.701099208573,0.828942438253,-0.234495059401
-21.9497056634,-3.95150847223,0.983524062437,-0.274418148717
-24.3465855413,-1.41165917213,0.568114636173,-0.234337635788
-22.2031441715,-20.6015513083,1.43271415946,-0.304253520616
-23.3893815539,-1.48118488069,0.887322632304,-0.274165803198
-18.3952976886,-15.2205598894,4.2619400547,-0.304074483537
-19.7808925757,-0.359676334262,2.94656642665,-0.27397956163
-24.656166215,-5.18853421542,1.81120174815,-0.20388103748
-22.9211186066,1.87286646716,1.8958460192,-0.153778911085
28.3142502496,102.864525713,11.0304992398,0.286326817555
-19.9500596466,0.156443523581,2.65516140996,-0.223563851561
-20.204048295,-3.94138010259,3.39983252967,-0.223450918433
-18.8577156958,-0.0589451650066,2.17451259894,-0.24333438306
-12.6210618488,5.07374833632,5.13920161775,-0.153214245443
-13.9840867541,-0.763299598601,3.88389958612,-0.153090505581
-15.6767904117,-2.74008896978,4.34860650405,-0.102963163475
0.910827178461,6.4533802228,9.93332237152,-0.152832219125
-1.9212339837,5.74710797912,9.57804718855,-0.0226976725297
2.45702610186,7.88109429919,9.20278095513,-0.0325595236903
0.845607435129,10.835339183,9.05752367126,0.127582227394
-4.48548998389,1.77984263058,7.86227533695,0.167727580722
-1.95626615519,4.9946046419,7.75703595219,0.197876536295
4.77327892123,4.21962521696,9.75180551698,-0.00197090588833
1.99314524536,8.44490435577,9.04658403133,0.108185254173
4.8433328172,5.49044205833,9.59137149522,-0.0216549835207
6.53384163676,12.3162383246,10.3061679087,0.12850838103
85.034671704,153.692293155,25.6409732717,1.05867534782
4.37582301902,11.3586065485,9.54578758423,0.238845916864
4.54729558172,5.16517850607,10.2906108463,0.119020088148
-7.72091060787,6.02200902737,5.535443058,0.169197861676
-0.418795549737,-0.350901887579,7.04028421922,-0.0906207625514
-0.496359243893,3.58644576122,8.10513432998,-0.0404357845344
0.0363983096659,7.83405197377,8.4199933903,-0.00024720427284
2.67947711094,8.60191675007,8.60486140017,0.0999449782331
0.892877159927,2.70004009011,7.3197383596,0.0501407629835
-4.15340154337,4.70842199391,5.36462426858,0.120340149978
-2.76935899895,-6.60293753855,5.90951912711,-0.0594568607824
-3.13499520682,-2.70403850726,7.67442293519,0.0107497307013
-0.970310166976,1.70511908778,6.25933569283,-0.0690400755706
-12.3153038794,1.67453524657,2.84425740002,-0.00882627959805
-4.67997634414,-0.685790030894,5.79918805676,-0.058608881381
-2.80432756115,5.09414325539,6.43412766305,0.0116121190804
-5.93835753045,-4.61566489458,6.2090762189,-0.0381632782137
4.99793374797,5.44478551921,8.5340337243,-0.0279350732634
6.1345462741,3.16549449674,9.08900017925,-0.0277032660687
8.69148004795,6.40646203802,9.09397558376,0.0825321433705
7.11873506951,1.52768814304,8.85895993782,0.0927711550541
5.34631133879,3.07917281182,7.62395324143,0.103013768982
2.83420885578,-0.299083955658,7.79895549459,0.103259985155
4.86242762048,2.00291784061,8.27396669731,0.0235098035716
2.3409676329,-1.85482179937,7.61898684958,-0.016236775767
6.42982889304,4.2376971244,8.5540159514,0.0340202471388
-5.06098859911,-0.349525388078,5.48905400278,0.054280872289
-9.37148484355,-2.79648933681,4.7441010037,0.00454509968366
-1.91165984027,1.0768052782,7.23915695419,0.0148129293228
-1.32151358928,1.81035845697,6.80422185422,-0.0649156387937
-0.371046090575,1.58417019948,7.31929570381,-0.0546406046657
1.37974265585,3.56824050574,7.41437850294,-0.0343619682933
3.09085264998,0.522569375745,8.68947025164,0.0459202703236
-1.12771610817,3.1071568095,7.29457094988,0.0762061111848
-2.9659636186,-0.337997192993,6.11968059768,0.0464955542906
-0.343889881325,0.897107368261,6.73479919503,-0.0532114003593
2.90850510367,3.14247049326,7.66992674193,-0.0429147527647
5.03122133638,3.56809218201,8.22506323839,-0.0226145029256
7.9442588168,4.41397243451,9.5902086844,0.0776893491578
8.32761754494,5.97011125076,9.35536307996,0.0979968034857
10.5812975208,2.91650863076,11.0405264251,0.138307860058
16.6252987444,4.6231645745,12.7256987197,0.0786225188748
16.7996212156,5.64007908199,11.840879964,0.108940779936
11.7442649346,2.31725215323,9.91607015773,0.119262643242
2.96922990134,1.54468378822,7.38126930105,0.219588108792
6.82451611576,2.96237398696,8.30647739393,0.129917176586
5.5701235779,1.87032274945,8.71169443636,0.170249846625
7.00605228775,1.30853007568,9.46692042835,0.0305861189087
2.48230224532,0.576995965666,7.38215536988,0.000925993436499
3.0988734506,0.845720419398,7.52739926097,0.0212694702088
90.3857659036,141.514703437,23.5726521016,0.901616549225
7.32297960431,0.753945018107,8.82791389181,0.0719672304866
8.20051455273,3.69344516308,9.38318463156,0.142321513992
2.74837074887,-0.0567961281907,7.78846432086,0.0126793997422
1.07654819273,-0.766778855717,7.79375295971,-0.00695911226336
8.09504688429,3.35349698051,9.83905054811,0.00340597797552
-0.656133176423,-14.5259686195,7.44435708607,-0.0662253295412
-6.06699198942,-11.3751756558,5.74967257358,-0.0658530348134
-0.647529554713,0.735875871663,6.42499701065,-0.0154771378412
-6.49774587229,-0.342814037121,5.33033039727,-0.0650976386246
-10.6376409421,-0.251245382156,4.62567273344,-0.0147145371635
-11.0072147643,1.37058183656,4.22102401916,-0.024327833458
-3.50646733872,1.80266761902,6.71638425443,-0.0839375275081
-2.11539866544,4.11501196523,7.16175343926,-0.0635436193137
4.41599125556,4.86761487519,9.12713157364,-0.0631461088749
7.21770242428,4.62047634889,10.6825186576,0.00725500380834
4.9797348407,8.03359638635,8.87791469106,0.107659718736
6.62208850485,6.18697498755,9.2733196741,0.158068035908
9.7647634167,4.1606121525,9.90873360669,0.0784799553247
-1.87224042372,3.0645078812,6.57415648884,0.0688954769857
-4.09892301644,-2.30133782635,6.45958832053,0.00931460089111
-15.8752843614,-33.1469249701,4.37502910178,-0.200262672959
-20.9013244587,-54.2022535502,5.55047883259,-0.279836344565
-13.4470433083,-39.9773235665,6.63593751294,-0.199406413926
-1.65244091015,-13.8221350191,6.60140514285,-0.178972881043
-0.117517264293,-1.49668790788,6.74688172231,-0.0885357459152
0.10772762928,4.62901776706,6.39236725133,0.0419049914568
-1.64670622943,-5.33501799425,5.56786172989,-0.0976506689267
-1.29081884043,5.43120480819,6.90336515801,-0.0372027270658
0.365389796285,3.96768617437,8.42887753569,0.0232488170396
-0.808080319285,2.38442610431,7.31439886291,-0.0462960366106
2.05877081286,7.30142459799,7.95992913969,0.00416271198358
2.30594319272,9.14868165542,7.94546836602,0.164625062822
2.81343682029,-2.6638027234,8.1710165419,-0.00490898409467
0.201251695583,5.72397146152,7.07657366734,0.00556057123286
12.2401885955,12.4364407523,7.0450411624,0.15262831293
13.3013905505,11.1903562965,6.79734960017,0.0617902535275
8.31291375312,12.0745304045,5.5396669875,0.0909557963691
9.68475820348,13.9289630763,5.22199332439,0.220124941455
7.02692390156,-2.19634568826,5.31432861082,0.0392976887857
8.81941084734,9.81860411098,5.52667284681,0.0084740383607
9.91221904085,10.613812474,6.28902603235,0.0976539901801
11.7653484821,7.6792794007,6.62138816745,0.0168375442439
13.518799171,6.53500489119,7.3537592521,0.00602470055217
8.09257110765,12.0409889454,5.8561392863,0.135215459105
7.86666429201,-0.472768436599,6.50852827005,0.094409819902
10.9610787241,9.61373274513,6.67092620335,-0.00639221705643
8.74581440388,9.99049249061,6.07333308621,0.10280934823
10.4508713314,7.79751079983,5.90574891862,0.05201451576
6.0262495066,1.13478767281,5.17817370059,-0.00877671446511
80.2319489295,151.43232311,17.3106074321,0.800435657554
5.62796960018,4.12011711,5.35305011317,0.109651631818
2.00431151855,5.51816967422,4.14550174379,-0.0711287916739
3.63097468462,8.51648080219,4.58796232397,0.00809438707877
7.32795909842,6.80505049391,5.6804318537,-0.0226788319242
3.49526475992,4.55387874937,6.25291033298,0.0565515513173
6.85289166914,10.3229655686,5.50539776181,0.0457855368032
3.68083982608,3.49231095155,6.2478941402,0.175023124534
2.05910923073,-11.7380851017,10.0203994681,-0.0157356854916
4.55769988309,-18.5782225913,8.43291374563,-0.0764908932723
8.78661178317,-16.3381015171,8.71543697267,-0.0472424988087
7.78584493097,-12.8777218791,7.21796914927,0.0420094978994
11.5753993265,-6.86708367742,7.99051027542,0.091265096852
13.2752749697,1.56381308803,7.88306035112,0.270524298049
11.5754718606,7.37496841724,7.18561937638,0.20978710149
11.7359899993,7.13638231018,7.37818735118,0.129053507176
13.1868293857,4.47805476688,8.09076427555,0.148323515107
6.64799001973,-2.73001421267,6.64335014946,0.187597125281
18.1594719015,8.51217537152,9.86594497293,0.2268743377
16.111275031,4.64462351947,9.02854874595,0.216155152364
3.53339940826,-28.0426697688,7.46116146852,-0.0545604307279
1.8658450332,3.1102955066,4.39378314064,-0.00527241157545
4.04861190585,4.49351934579,5.47641376232,0.0640192098215
-3.52829997378,3.85700174872,2.44905333355,0.133314433463
-75.9648906057,-134.929257285,-9.46829814567,-0.657386740651
-76.0311599899,-134.985257754,-9.46564067533,-0.658084312521
-76.0971081264,-135.04099966,-9.46297425544,-0.658778282147
-76.1627350152,-135.096483002,-9.460298886,-0.659468649527
-76.2280406562,-135.15170778,-9.45761456701,-0.660155414664
-76.2930250496,-135.206673995,-9.45492129846,-0.660838577556
-76.3576881952,-135.261381646,-9.45221908036,-0.661518138204
-76.4220300931,-135.315830733,-9.44950791271,-0.662194096607
-76.4860507433,-135.370021256,-9.4467877955,-0.662866452765
-76.5497501458,-135.423953216,-9.44405872874,-0.66353520668
9.29687169941,7.17237338843,8.75867928757,0.0757996416504
10.0638147924,8.37895855634,7.99142625343,0.205138092225
11.141079133,7.10580228801,7.98418216885,0.284480145044
8.40866472138,4.75290458342,6.91694703382,0.333825800107
-2.25342844253,1.06026544259,3.98972084834,0.343175057415
-1.23520035874,-4.1021151345,3.92250361242,-0.0174720830324
0.563348972778,1.67576285216,5.42529532604,0.0318843787644
7.26221955201,2.86389940257,6.86809598922,0.0412444428056
5.03141137895,3.19229451673,6.30090560196,0.0806081090912
8.38092445361,4.62094819463,7.99372416424,0.159975377621
4.11075877598,3.18986043629,6.62655167608,0.229346248396
5.25091434606,-0.500968758312,6.96938813747,0.0687207214147
-6.46860883614,2.00846061084,3.06223354842,0.128098796678
-6.77781077062,-0.701851456262,3.27508790892,0.0674804741859
-6.61669145739,-0.271904959614,3.66795121897,0.0568657539382
-5.86525089645,0.548300100782,4.18082347857,0.0762546359349
66.2665109122,140.118763725,18.4637046877,0.925647120176
1.48859396858,-1.52051408718,6.83659484643,0.0150432066616
6.57099827267,6.57046666446,8.78949395469,0.0944428953915
9.70372382447,5.71170597985,8.98240201251,0.133846186366
5.56677062399,3.84320385899,7.37531901987,0.193253079585
0.0301386712187,1.79496030188,6.13824497679,0.252663575048
-2.38617203384,1.20697530851,5.51117988327,0.262077672756
-5.16216149118,-4.16075112111,4.96412373929,0.141495372708
-2.9878297008,2.57178101303,5.40707654487,0.140916674905
1.47682333729,3.10457171091,6.7600383,0.110341579346
1.84179762309,4.35762097254,6.98300900468,0.159770086031
-1.34290684339,4.14092879791,5.38598865892,0.179202194961
-7.87729006216,0.244495187039,2.64897726271,0.178637906135
-7.33135203321,-4.65167986009,3.34197481605,0.0580772195543
-8.48509275655,0.252403656536,3.14498131894,-0.00247986478251
2.00148776782,-3.70325426309,7.21799677139,-0.0330333468748
1.59838953991,4.67134638103,6.30102117339,0.0164167732773
66.1156125597,132.796205589,15.6640545249,0.765870495674
-8.01684317276,-3.77867663949,3.20709682605,0.0853278203148
-2.73897765753,-2.94330030412,5.43014807671,0.0447887472002
0.319209105417,1.95233459499,5.28320827692,0.04425327633
3.14771711608,-5.33177194215,5.92627742668,-0.0562785922957
5.51654637446,2.98438008446,6.849355526,-0.016806858677
6.27569688055,3.68079067482,7.26244257487,0.0626684771862
2.26516863435,2.99745982893,5.99553857329,0.162147415294
-5.49503836413,-2.05561245322,3.89864352126,0.111629955646
4.43507588511,2.55157382839,7.35175741879,0.0811160982422
7.52551138206,-6.50098132626,10.1148802659,0.0806058430831
10.2662681267,6.39672208284,9.22801206251,0.0300991901685
11.9573461191,5.83468405569,9.57115280869,0.129596139498
8.17874535919,4.68290459229,7.65430250443,0.229096691072
6.760465847,1.98138369263,7.61746114972,0.208600844891
6.18250758252,3.63012135673,8.15062874457,0.178108600954
4.79487056576,-1.97088241543,7.87380528896,0.147619959262
11.4875547967,5.00837237616,9.31699078291,0.0371349198136
14.4005602754,6.9078857315,10.3101852264,0.13665348261
9.92388700175,5.96765765059,8.75338861947,0.246175647651
5.59753497585,1.21768813343,7.28660096208,0.205701414936
13.1415041977,4.98797718001,9.83982225424,0.185230784466
12.3057946672,2.93852479035,10.943052496,0.28476375624
12.3404063844,2.07933096443,8.98629168722,0.0543003302585
14.3053393494,4.52039570226,9.99953982804,0.133840506522
7.19059356204,3.69171900384,7.58279691841,0.233384285029
-0.0538309775822,-1.33669913084,5.43606295834,0.172931665781
0.272065730513,-0.10485870176,5.79933794782,0.0724826487771
21.4982836863,10.1872402911,14.4226218868,0.192037234018
17.4348228898,5.79959784764,11.4659147754,-0.00840457849693
8.38168334109,-1.08778603204,7.85921661357,0.0411572112327
6.53886504004,1.77508865203,7.48252740126,0.100722603207
3.59636798671,1.03822189985,7.0358471385,0.140291597425
2.62419218109,-1.00838628859,6.57917582529,0.0198641938882
0.932337623188,3.65526408673,6.15251346164,0.139440392596
3.440804313,-3.72082697421,6.21586004754,-0.100979806453
3.93959225052,-1.5966594714,9.48921558299,0.0286035967436
3.78870143577,4.02776659516,7.032580068,0.0681906021842
6.35813186872,3.37245122547,7.50595350256,0.167781209869
23.8578835494,3.64739441953,13.4493358867,0.0873754197989
15.9179564778,10.4825961773,11.0027272203,0.286973231973
12.2283506539,-2.99194350111,9.31612750355,0.0465746463913
0.969066077684,2.61377538419,6.91953673632,0.146179663054
-0.949897250788,-0.38024716676,6.03295491864,0.105788281961
-0.458539331547,1.41598884604,5.80638205051,0.145400503113
12.9931398354,2.18248342259,11.0198181319,0.0150163265093
-6.05485974992,4.30923656288,4.22326316292,0.13463575215
5.86746191247,-6.41375173307,8.34671714346,-0.035741219965
0.200104822565,3.78351853472,6.27018007354,0.0538854101644
0.713068980379,3.03104736626,6.38365195318,0.0635156425384
73.5063543859,135.268834762,19.3071327824,0.923149477157
2.19996103915,-3.21311927941,7.15062256112,0.00278691401948
1.26388894011,4.19518524338,6.89412128941,0.0924279531267
3.83813808878,-5.36625167009,8.45762896726,0.0120725944783
5.39270848517,4.5025699802,8.09114559467,0.0417208380744
-3.43239987073,-0.178349805772,4.63467117162,0.031372683915
-10.3971869789,-2.02901102799,2.98820569813,0.0910281319999
-7.19165283939,-5.48941368646,4.11174917419,-0.0793128176707
-4.28579745214,1.76044221881,4.86530159981,-0.0196501650969
0.720379182817,-8.20944331216,8.55886297497,0.0400160897214
7.89687706549,5.62092972061,9.08243329969,-0.000314053215877
11.3536961959,4.06156131714,9.58601257396,0.0393594060913
1.05083657398,2.95245147741,5.73960079779,0.139036467643
-2.4117018002,-8.15639979857,5.74319797117,0.0387171314389
-0.48391892667,2.1050074892,6.0468040941,0.0684013974793
-2.26581480542,-0.953326659288,6.06041916658,0.138089265764
0.682610563536,-0.171402244024,5.89404318862,-0.0222192637065
55.1413571802,102.220780735,15.3076761602,0.577475809067
3.3604250446,1.57322227775,6.59131808135,0.0371744840855
-2.1701858433,-6.26407761574,6.77496895204,0.0668767613481
1.30952451652,1.05888105452,5.79862877229,0.0165826408552
2.77955612405,0.502098288527,6.61229754209,0.146292122607
-0.120091020698,-3.39442591372,5.04597526144,-0.0439947933974
3.84058308226,-3.04069155221,7.05966193035,-0.044278107157
7.95157843294,2.47330137304,7.84335754881,0.0254421813278
1.08289503133,0.217552862039,6.01706211682,0.095166072057
0.174532877436,-11.7679370852,9.96077563438,-0.00510643496927
-7.40350802874,-37.8131684687,8.1844981015,-0.125375339751
7.33877231279,-16.3881412885,8.50822951817,-0.155640642289
-3.27862609796,-4.21285554447,4.00196988439,-0.115902342582
-7.385703261,0.852688763269,2.65571920016,-0.0661604406302
-11.3824591763,0.378491634761,1.66947746549,0.0135850635657
-18.4188938439,-10.25544693,3.48324468037,0.033334170006
-16.6050072638,-2.65912693101,1.29702084481,-0.0569131213093
-17.750799436,-9.52254836827,1.00080595879,-0.26715681038
-15.1562703605,-10.6857112418,1.96460002233,-0.347396897206
-22.5114200372,-12.0186155516,-0.621596964578,-0.357633381788
-38.1862484663,-62.5012612976,-1.02778500193,-0.447866264126
-26.8407556476,-59.0436484798,3.88603591026,-0.368095544219
-10.9349415812,-37.9757770984,6.33986577201,-0.328321222068
-12.2388062671,-23.1776471531,3.59370458332,-0.288543297672
-6.86234970525,-4.30925864416,3.40755234417,-0.238761771032
-5.19557189571,-4.84061157144,4.01140905458,-0.188976642147
-10.4684728385,-8.82170593497,3.18527471454,-0.139187911018
-2.88105253349,-0.052541734744,5.18914932406,-0.119395577644
-4.78331098081,-3.16311897077,4.78303288312,-0.149599642026
-15.6052481804,-3.10343764306,1.78692539174,-0.169800104164
-17.6668641323,-3.19349775159,1.32082684991,-0.209996964057
-11.9781588365,0.816700703624,3.04473725764,-0.160190221706
-8.75913229295,1.68715772259,4.44865661492,-0.10037987711
65.4902154983,138.177873305,17.5825849217,0.42943406973
-5.21011546273,-2.13115254824,5.28652217813,-0.130748381185
-7.69012517605,-0.719919838032,4.27046838407,-0.130927229856
-7.17981364165,0.441571435925,4.61442353956,-0.111102476283
-8.03918085954,0.15332127363,3.9383876446,-0.061274120465
-6.18822682971,0.345329675084,4.44236069919,-0.0114421624027
-8.51695155217,-2.14240335971,3.92634270334,-0.0816066020959
-13.3453550269,-5.07987783076,3.10033365704,-0.101767439545
-16.583437254,-3.21709373806,1.84433356029,-0.181924674749
-12.4011982333,-1.50405108162,3.4583424131,-0.182078307709
-5.77863796487,0.899250138579,5.66236021546,-0.102228338425
-0.0757564487588,4.71280992252,6.96638696737,-0.0323747668956
3.71744631507,1.65662827022,8.00042266883,-0.0325175931222
3.13097032661,0.310705181658,8.26446731985,0.0373431828956
2.12481558586,-1.62495934315,7.20852092042,-0.0127924388421
2.91898209283,1.63963469579,7.18258347054,-0.0129244583354
7.00346984752,3.74448729847,8.17665497022,0.0669471244157
80.9582788499,131.189598465,21.0507354194,0.886822309411
1.43340910003,-2.89503180491,7.29482481822,0.0667010966513
3.76886059786,0.740596489023,7.70892316656,0.0765834861357
4.6046333434,-1.5335166533,8.38303046444,0.00646947786461
4.75072733666,1.29262876813,7.17714671188,-0.0436409281621
5.97714257763,2.67903275331,7.35127190887,0.0362522680557
-1.73612093368,-1.83430469776,5.00540605542,0.0561490665179
-7.40906319728,-3.54738358509,4.11954915152,0.00604946722447
-3.72168421317,-0.0602039086682,5.61370119717,-0.00404652982447
-7.19398398134,-2.2127656685,4.37786219237,-0.084138924629
-4.7259625018,-0.695068864578,4.73203213712,-0.164227717189
-7.32761977454,0.99288650309,4.20621103143,-0.104312907505
-6.36895579957,0.0211004345063,4.76039887529,-0.0443944955759
-8.05997057688,-1.55042707033,4.35459566871,-0.0444724814027
-12.5706641065,-1.01169601142,3.00880141167,-0.054546864985
-7.33103638836,-1.80270638875,4.08301610419,-0.124617646323
-5.47108742253,-1.98345820234,5.04723974627,-0.194684825416
-4.75081720898,2.30604854781,5.33147233789,-0.114748402265
-5.10022574772,1.37581386172,5.29571387907,-0.0448083768699
-6.07931303875,-0.784162260624,5.0299643698,-0.0348647492301
-5.09807908206,1.70612018078,5.25422381008,-0.0249175193458
-7.25652387766,-0.803338814068,5.03849219992,-0.0749666872171
-6.74464742554,-3.25253924517,5.49276953931,-0.125012252844
-5.05244972571,2.12851888748,5.59705582825,-0.0750542162263
-1.17993077816,1.99983558388,6.92135106674,-0.00509257736427
-8.6070905829,-1.25858915597,4.52565525479,0.0148726637422
-12.3239291399,-0.65675533208,3.20996839239,-0.0251584929069
-3.65044644924,-0.824662944437,6.10429047955,-0.0951860473115
-1.18664251083,-0.782311993046,7.37862151625,-0.105209999472
1.16748267529,2.58029752209,6.83296150251,-0.0752303493876
0.0219291091208,1.33316560098,6.41731043832,0.0047529029411
-2.48330320933,-1.09370775638,6.39166832368,0.0447397575142
-0.798214280069,1.64967745,6.5560351586,0.0247302143317
-4.25280410309,-2.30667877986,5.83041094307,-0.0352757266063
0.202927321599,0.267223554019,6.99479567709,-0.0652780652999
1.18897999401,1.35138445165,6.68918936067,-0.0652768017491
7.43535391413,2.87580391303,8.4735919938,0.0347280640462
5.00204908196,1.22048193816,7.86800357648,0.104736532086
8.01906549751,0.805418527031,8.38242410871,0.04474860237
5.72640316077,-3.43938632035,8.9968535905,0.0547642748986
6.49406207175,-0.463932603973,8.77129202184,0.00478354967159
6.00204223044,-0.578220323852,8.63573940273,-0.00519357331096
6.03034363685,0.417750520018,8.09019573317,0.0848329059509
10.028966291,1.62397992764,9.27466101317,0.144862987457
11.7779101928,-0.469532100998,10.0191352427,0.074896671208
12.2471753424,-1.39278556588,10.8236184218,0.124933957203
13.8767617396,-1.22578046702,10.5681105505,0.0449748454428
9.7266693846,-0.728516804409,9.54261162869,0.0450193359269
7.9768982773,0.619005421951,8.87712165645,0.155067428655
7.18744841771,0.566786212059,8.18164063376,0.165119123628
70.1783198058,120.464825566,17.8261685606,0.795174420846
7.44951244167,-0.606876516479,8.82070543705,0.0752333203075
5.16102632522,-4.06832003512,8.20525126302,-0.00470417798624
7.60286145649,-0.579504990023,7.98980603854,-0.0146380740356
2.56501783547,1.13956861883,6.08436976362,0.0554316321596
6.81749546216,0.438900791427,7.10894243825,0.0555049405991
9.66029433657,-2.22150847223,9.20352406244,0.0355818512831
6.7934144587,0.54834082787,8.71811463617,0.0756623642115
8.38685582854,-3.72155130829,8.26271415946,0.0257464793844
11.9106184461,0.908815119307,9.2573226323,-0.0141658031983
13.4947023114,2.70944011065,9.6319400547,0.0959255164634
6.66910742434,0.450323665738,7.65656642665,0.12602043837
4.32383378504,-1.89853421542,7.86120174815,0.0961189625202
7.99888139345,0.872866467163,9.2158460192,0.116221088915
12.6242502496,0.814525713498,10.5004992398,0.0563268175547
5.11994035341,0.196443523581,7.90516140996,-0.0135638515613
5.33595170497,1.74861989741,7.55983252967,0.056549081567
0.652284304239,-1.54894516501,6.40451259894,0.0966656169398
-1.24106184878,-2.25625166368,6.33920161775,0.056785754557
-0.884086754079,0.0167004013993,6.38389958612,0.0469094944187
-0.356790411666,-21.7500889698,6.45860650405,-0.182963163475
-1.52917282154,-20.7566197772,6.20332237152,-0.212832219125
2.6687660163,-12.4528920209,6.55804718855,-0.11269767253
1.86702610186,-7.07890570081,6.09278095513,-0.0425595236903
-0.624392564871,-7.30466081699,5.67752367126,-0.0224177726065
-7.79548998389,-35.6001573694,6.39227533695,-0.0822724192782
-6.57626615519,-37.2153953581,6.96703595219,-0.132123463705
-4.04672107877,-16.250374783,5.96180551698,-0.191970905888
4.34314524536,-1.56509564423,6.27658403133,-0.131814745827
4.1933328172,0.680442058335,6.31137149522,-0.0416549835207
2.38384163676,1.81623832464,6.18616790867,0.0885083810297
7.93467170403,2.1322931547,7.22097327168,0.188675347825
9.73582301902,-7.73139345149,9.12578758423,0.068845916864
11.1572955817,-0.114821493935,8.97061084634,-0.0609799118523
15.2190893921,-0.667990972631,9.475443058,-0.130802138324
16.9012044503,1.88909811242,9.68028421922,0.0193792374486
18.8636407561,2.93644576122,10.40513433,0.189564215466
15.7263983097,2.10405197377,9.6899933903,0.329752795727
12.7094771109,-3.58808324993,9.81486140017,0.199944978233
9.21287715993,-0.669959909886,8.5097383596,-0.0198592370165
10.3565984566,-2.09157800609,8.78462426858,-0.149659850022
12.110641001,2.10706246145,9.34951912711,-0.0194568607824
12.6050047932,3.19596149274,9.43442293519,0.140749730701
14.909689833,2.92511908778,10.3793356928,0.300959924429
17.2446961206,-2.71546475343,11.3342574,0.181173720402
18.3600236559,-0.175790030894,11.9491880568,0.00139111861896
17.1856724388,-2.93585674461,11.7341276631,-0.0883878809196
12.8916424696,2.54433510542,9.7090762189,0.0418367217863
3.66793374797,1.97478551921,6.7440337243,0.122064926737
5.2245462741,2.50549449674,7.78900017925,0.242296733931
72.8014800479,105.556462038,21.2139755838,0.982532143371
9.28873506951,-0.782311856958,8.99895993782,-0.00722884494588
16.0263113388,-3.19082718818,11.5939532414,-0.106986231018
19.9442088558,5.08091604434,12.3389554946,0.0332599851547
14.9724276205,3.30291784061,9.70396669731,0.133509803572
16.8409676329,3.92517820063,10.4989868496,0.293763224233
10.809828893,-10.7723028756,9.7840159514,0.284020247139
9.49901140089,-18.7795253881,9.18905400278,-0.065719127711
18.4885151564,-1.20648933681,10.6141010037,-0.0654549003163
19.9483401597,4.0968052782,10.5791569542,0.0348129293228
8.93848641072,2.19035845697,8.18422185422,0.145084361206
7.96895390942,3.32417019948,8.10929570381,0.305359395334
13.0297426558,1.14824050574,10.0743785029,0.275638031707
16.07085265,-1.13743062425,10.8394702516,0.0859202703236
12.8522838918,-2.4128431905,10.1045709499,-0.103793888815
14.7140363814,3.59200280701,10.5096805977,-0.0135044457094
22.6161101187,4.85710736826,12.014799195,0.126788599641
127.668505104,148.912470493,32.5599267419,1.40708524724
25.4912213364,2.60809218201,13.5950632384,0.357385497074
9.1842588168,-4.06602756549,8.8402086844,0.157689349158
7.59761754494,-3.61988874924,8.70536307996,-0.0820031965143
-31.5387024792,-58.3034913692,0.780526425071,-0.351692139942
0.685298744352,-3.2868354255,6.22569871974,-0.0213774811252
-6.05037878437,-19.879920918,5.72087996396,-0.0910592200639
2.57426493463,-1.91274784677,7.07607015773,-0.0507373567583
4.03922990134,-2.95531621178,7.90126930105,-0.0504118912082
3.61451611576,-1.12762601304,7.03647739393,-0.110082823414
6.6501235779,3.48032274945,7.56169443636,0.000249846625275
12.0060522878,4.60853007568,9.02692042835,0.160586118909
1.02230224532,1.67699596567,6.17215536988,0.100925993436
4.5988734506,-4.9542795806,8.10739926097,-0.0387305297912
3.6257659036,-1.32529656312,8.51265210161,0.00161654922547
8.05297960431,-1.31605498189,8.97791389181,-0.0580327695134
8.43051455273,5.12344516308,8.65318463156,0.0323215139922
9.03837074887,5.80320387181,9.75846432086,0.212679399742
7.68654819273,3.34322114428,8.75375295971,0.153040887737
-0.314953115706,-4.89650301949,6.68905054811,0.0534059779755
-1.38613317642,2.08403138048,6.62435708607,0.0137746704588
0.263008010575,1.2148243442,7.49967257358,-0.0658530348134
0.222470445287,4.28587587166,7.10499701065,-0.0354771378412
6.41225412771,6.90718596288,9.17033039727,0.144902361375
12.3023590579,4.23875461784,10.6656727334,0.105285462836
19.0227852357,0.900581836557,12.9710240192,0.085672166542
23.8535326613,7.92266761902,14.2063842544,0.106062472492
26.1646013346,4.59501196523,14.4317534393,0.0764563806863
23.1059912556,7.08761487519,13.7271315736,0.166853891125
25.9477024243,7.31047634889,13.5725186576,0.387255003808
27.3597348407,2.51359638635,14.2179146911,0.297659718736
11.6220885048,-3.07302501245,9.9433196741,0.248068035908
13.6147634167,-0.889387847496,10.0187336067,0.108479955325
102.887759576,131.224507881,26.9841564888,0.688895476986
19.7410769836,2.37866217365,11.8895883205,0.0393146008911
23.9047156386,5.36307502985,12.6850291018,0.239737327041
22.9986755413,-0.712253550203,12.6904788326,0.190163655435
20.1229566917,-3.29732356651,12.6759375129,0.240593586074
20.0175590898,-1.20213501907,12.2914051429,0.161027118957
17.5424827357,-1.25668790788,11.3168817223,0.0914642540848
17.6877276293,0.809017767064,10.8523672513,0.0719049914568
17.6532937706,4.17498200575,10.8478617299,0.252349331073
15.6491811596,-6.77879519181,11.063365158,0.192797272934
12.4553897963,-1.58231382563,10.4788775357,0.24324881704
11.5919196807,0.244426104307,9.74439886291,0.103703963389
8.90877081286,-1.33857540201,8.48992913969,0.0241627119836
7.82594319272,0.648681655418,7.67546836602,-0.0353749371778
11.5134368203,4.0761972766,8.9710165419,0.105091015905
7.00125169558,-4.56602853848,9.14657366734,0.185560571233
20.6001885955,8.67644075227,8.8850411624,0.24262831293
105.70139055,137.800356297,25.2573496002,0.841790253528
25.2229137531,8.32453040451,10.1596669875,0.100955796369
24.5047582035,8.57896307625,9.78199332439,0.0901249414552
26.1469239016,11.6936543117,9.69432861082,0.259297688786
23.5194108473,7.82860411098,9.03667284681,0.388474038361
24.2222190408,9.76381247397,9.58902603235,0.33765399018
25.4953484821,6.8192794007,9.98138816745,0.156837544244
23.088799171,6.45500489119,9.4237592521,0.116024700552
22.4925711076,7.26098894542,9.3061392863,0.0852154591049
24.756664292,11.2472315634,9.48852827005,0.224409819902
25.2710787241,10.7437327451,9.98092620335,0.383607782944
27.0558144039,10.1904924906,10.3633330862,0.31280934823
28.0208713314,6.06751079983,11.0157489186,0.15201451576
24.8062495066,4.46478767281,10.5381737006,0.151223285535
23.4819489295,6.99232310953,9.5106074321,0.0904356575542
27.5379696002,11.72011711,10.6830501132,0.229651631818
25.4943115185,11.4281696742,10.0355017438,0.408871208326
16.5009746846,7.18648080219,7.31796232397,0.298094387079
24.5579590984,2.68505049391,10.4704318537,0.137321168076
26.2452647599,6.33387874937,11.362910333,0.166551551317
21.8128916691,5.77296556858,8.88539776181,0.0857855368032
22.1708398261,9.89231095155,8.5878941402,0.165023124534
29.7191092307,11.3019148983,11.3903994681,0.354264314508
33.3576998831,9.46177740872,12.6929137456,0.303509106728
32.3466117832,5.85189848292,13.4154369727,0.202757501191
31.115844931,10.2622781209,13.2379691493,0.232009497899
31.3753993265,8.79291632258,13.4105102754,0.161265096852
29.3552749697,11.713813088,11.6430603511,0.250524298049
30.6854718606,12.7349684172,11.9056193764,0.44978710149
32.0559899993,8.59638231018,12.4681873512,0.339053507176
31.1568293857,5.35805476688,13.3007642755,0.278323515107
27.2279900197,9.85998578733,11.4333501495,0.227597125281
28.1194719015,8.47217537152,11.8559449729,0.1468743377
30.401275031,12.4546235195,12.2385487459,0.206155152364
18.7533994083,12.0573302312,8.62116146852,0.395439569272
15.7858450332,3.3902955066,7.55378314064,0.254727588425
17.6686119059,1.95351934579,8.85641376232,0.214019209821
21.6917000262,5.61700174872,9.05905333355,0.123314433463
13.2151093943,1.78074271541,6.98170185433,0.0526132593486
15.3288400101,6.46474224584,7.42435932467,0.0419156874788
19.8228918736,9.14900034002,8.81702574456,0.221221717853
22.0172649848,1.81351699795,10.429701114,0.190531350473
17.0819593438,2.11829221963,9.45238543299,0.209844585336
19.5469749504,4.20332600506,9.73507870154,0.129161422444
21.0123118048,4.42861835424,9.93778091964,0.0884818617964
22.0479699069,6.37416926716,9.91049208729,0.0878059033933
24.2639492567,9.25997874383,10.3332122045,0.267133547235
20.8102498542,0.896046784255,10.5559412713,0.30646479332
27.1568716994,5.00237338843,11.6686792876,0.30579964165
25.9238147924,5.80895855634,11.7714262534,0.195138092225
114.671079133,136.955802288,29.0841821688,0.914480145044
21.5886647214,6.48290458342,10.0769470338,0.123825800107
23.3565715575,9.15026544259,10.2197208483,0.283175057415
22.1247996413,5.0678848655,10.6525036124,0.372527916968
17.8133489728,4.96576285216,9.04529532604,0.321884378764
21.642219552,5.57389940257,10.2480959892,0.161244442806
23.9014113789,5.62229451673,11.210905602,0.110608109091
24.8709244536,7.93094819463,11.4937241642,0.0999753776213
31.430758776,11.0398604363,12.6865516761,0.279346248396
21.6809143461,7.17903124169,10.0093881375,0.398720721415
25.9613911639,9.45846061084,12.1822335484,0.368098796678
26.7121892294,6.83814854374,12.1550879089,0.197480474186
26.3333085426,8.25809504039,12.837951219,0.166865753938
24.9847491036,7.48830010078,12.2408234786,0.146254635935
27.1865109122,13.6887637249,12.7837046877,0.305647120176
21.1985939686,10.0594859128,11.1465948464,0.455043206662
22.4909982727,10.3504666645,11.6094939547,0.374442895392
9.01372382447,4.11170597985,7.31240201251,0.173846186366
0.266770623988,1.30320385899,5.12531901987,0.0832530795848
6.93013867122,6.69496030188,7.20824497679,-0.0273364249519
15.7938279662,14.1369753085,10.6511798833,0.102077672756
24.0078385088,19.2092488789,13.7441237393,0.291495372708
22.1321702992,14.641781013,12.3770765449,0.280916674905
19.7668233373,6.10457171091,11.4400383,0.180341579346
7.22179762309,4.16762097254,7.21300900468,0.189770086031
15.6570931566,4.45092879791,9.26598865892,0.0692021949611
16.8727099378,10.434495187,9.72897726271,0.168637906135
16.1786479668,11.5183201399,10.031974816,0.318077219554
15.6449072434,7.18240365654,9.61498131894,0.237520135217
11.6814877678,2.47674573691,8.87799677139,0.126966653125
8.65838953991,4.05134638103,7.83102117339,0.126416773277
17.0756125597,4.3762055889,9.33405452494,0.0258704956738
17.7831568272,8.97132336051,9.39709682605,0.105327820315
22.0410223425,10.4766996959,11.0101480767,0.2747887472
21.9592091054,7.46233459499,11.2532082769,0.21425327633
24.0277171161,3.79822805785,12.9762774267,0.193721407704
10.1065463745,7.12438008446,7.699355526,0.173193141323
9.13569688055,1.91079067482,7.58244257487,0.0526684771862
14.4651686344,8.20745982893,10.2955385733,0.0921474152938
16.9049616359,11.7943875468,11.5886435213,0.281629955646
16.8750758851,6.08157382839,11.5217574188,0.201116098242
7.84551138206,2.16901867374,7.83488026587,0.210605843083
0.366268126723,2.66672208284,4.83801206251,0.0800991901685
-4.7626538809,-1.07531594431,3.73115280869,-0.0404038605018
-2.88125464081,3.53290459229,4.15430250443,-0.0709033089275
-4.019534153,5.21138369263,3.89746114972,0.0486008448911
2.06250758252,-1.03987864327,6.04062874457,-0.0118913990458
3.81487056576,1.92911758457,6.85380528896,0.00761995926169
-2.21244520329,1.56837237616,4.65699078291,-0.0528650801864
-0.939439724625,2.0178857315,5.62018522642,-0.05334651739
50.3638870018,137.027657651,11.2433886195,0.496175647651
-17.8624650242,2.50768813343,0.156600962081,-0.0242985850639
-22.6484958023,-4.67202281999,0.299822254242,-0.0647692155342
-23.4442053328,-1.79147520965,-0.146947504044,-0.13523624376
-22.5195936156,-1.55066903557,0.196291687222,-0.225699669741
-18.4646606506,0.630395702258,1.62953982804,-0.256159493478
-19.139406438,2.15171900384,1.16279691841,-0.236615714971
-17.8838309776,4.22330086916,1.22606295834,-0.137068334219
-17.3979342695,0.26514129824,2.06933794782,-0.0875173512229
-15.5417163137,1.51724029106,2.43262188685,-0.0779627659821
-8.76517711015,4.29959784764,4.39591477543,-0.118404578497
-12.7583166589,0.932213967958,2.71921661357,-0.128842788767
-13.04113496,1.01508865203,2.05252740126,-0.149277396793
-7.49363201329,5.05822189985,3.7958471385,-0.0497084025748
-4.74580781891,2.51161371141,5.33917582529,0.0398641938882
-3.96766237681,4.41526408673,5.50251346164,0.0394403925955
0.220804312999,3.19917302579,6.20586004754,-0.0409798064527
67.1195922505,121.583340529,18.709215583,0.588603596744
14.1187014358,5.97776659516,10.092580068,-0.0118093978158
14.4681318687,8.72245122547,9.76595350256,0.157781209869
16.3378835494,6.16739441953,10.0493358867,0.297375419799
2.82795647777,1.80259617733,5.20272722033,0.226973231973
0.258350653872,-0.361943501113,5.18612750355,0.0365746463913
-2.00093392232,-0.93622461581,5.25953673632,-0.0238203369458
-0.119897250788,1.34975283324,5.38295491864,-0.104211718039
-0.288539331547,4.79598884604,5.18638205051,-0.0145994968868
1.81313983541,4.44248342259,6.17981813194,0.0950163265093
-0.32485974992,2.74923656288,5.66326316292,0.0646357521499
-2.07253808753,-1.11375173307,5.26671714346,-0.055741219965
0.320104822565,-0.196481465279,6.11018007354,-0.0461145898356
6.73306898038,2.28104736626,7.20365195318,-0.0864843574616
4.24635438591,5.23883476155,6.24713278237,0.0331494771567
-1.50003896085,3.04688072059,4.88062256112,0.142786914019
1.54388894011,2.27518524338,5.81412128941,0.0724279531267
-0.541861911219,-3.26625167009,5.97762896726,-0.0179274055217
1.89270848517,1.3425699802,6.94114559467,0.00172083807443
-5.29239987073,-1.45834980577,3.89467117162,-0.098627316085
3.68281302108,3.85098897201,6.03820569813,-0.0389718680001
1.02834716061,3.93058631354,5.57174917419,0.0906871823293
2.96420254786,1.85044221881,6.23530159981,0.0303498349031
-0.229620817183,-1.92944331216,6.24886297497,-0.0199839102786
5.45687706549,3.98092972061,7.52243329969,-0.0103140532159
3.96369619588,0.901561317137,6.99601257396,-0.0606405939087
2.70083657398,4.04245147741,6.09960079779,-0.000963532357157
-0.221701800202,3.68360020143,5.33319797117,0.138717131439
1.77608107333,-0.0449925108047,6.0968040941,0.0584013974793
-4.16581480542,-3.40332665929,5.33041916658,0.0180892657642
-8.46738943646,0.618597755976,3.71404318862,-0.0522192637065
-6.56864281979,-1.48921926501,3.98767616021,-0.132524190933
-2.7095749554,2.43322227775,5.01131808135,-0.102825515915
78.5598141567,147.615922384,20.014968952,0.766876761348
-1.27047548348,-0.77111894548,6.15862877229,-0.00341735914483
-5.07044387595,-0.927901711473,5.25229754209,-0.0137078773933
-5.7200910207,1.06557408628,4.79597526144,-0.0739947933974
-5.57941691774,-1.10069155221,5.02966193035,-0.114278107157
-3.96842156706,2.39330137304,4.77335754881,-0.0945578186722
-5.78710496867,3.32755286204,4.33706211682,0.025166072057
-3.30546712256,-2.77793708521,5.67077563438,0.0148935650307
-9.54350802874,-1.81316846871,3.7844981015,-0.00537533975115
-6.49122768721,-0.578141288468,4.89822951817,-0.0856406422886
2.45137390204,0.567144455527,6.97196988439,-0.0959023425816
5.144296739,2.89268876327,7.47571920016,-0.0761604406302
4.98754082368,4.48849163476,6.75947746549,0.0835850635657
1.55110615607,-2.26544693,6.55324468037,0.113334170006
1.82499273618,0.320873068989,6.82702084481,0.0930868786907
-8.110799436,-2.18254836827,3.94080595879,-0.0271568103801
2.98372963953,-0.285711241789,7.30460002233,-0.0773968972065
73.5085799628,132.941384448,18.8184030354,0.512366618212
2.60375153375,2.84873870243,6.06221499807,0.042133735874
8.78924435243,-0.203648479844,8.99603591026,0.121904455781
7.07505841882,0.874222901635,8.74986577201,0.131678777932
7.73119373293,0.402352846862,8.38370458332,0.0314567023281
9.51765029475,0.220741355838,8.94755234417,0.0112382289683
10.0244281043,2.10938842856,8.87140905458,0.00102335785299
7.49152716154,4.16829406503,7.77527471454,0.140812088982
9.33894746651,1.88745826526,9.03914932406,0.230604422356
12.0166890192,2.41688102923,9.96303288312,0.190400357974
17.0647518196,2.14656235694,11.5669253917,0.080199895836
13.0431358677,-0.0234977515904,9.75082684991,0.0700030359428
10.1918411635,0.256700703624,8.84473725764,0.0298097782941
8.99086770705,2.97715772259,8.33865661492,0.14962012289
8.2202154983,1.7078733053,8.25258492175,0.25943406973
2.20988453727,-1.20115254824,4.03652217813,0.149251618815
5.34987482395,-3.69991983803,-8.98953161593,-0.0209272298564
5.87018635835,-3.61842856408,-8.98557646044,-0.0311024762829
13.3808191405,0.19332127363,-8.9816123554,-0.051274120465
6.52177317029,2.84532967508,-8.97763930081,0.0685578375973
2.64304844783,1.80759664029,-8.97365729666,0.178393397904
-2.51535502692,-2.11987783076,-8.96966634296,0.0782325604553
-4.38343725395,-4.26709373806,-8.96566643971,-0.0719246747491
-8.03119823327,-2.43405108162,-8.9616575869,-0.072078307709
-3.72863796487,-2.26074986142,-8.95763978454,-0.162228338425
-11.8957564488,0.542809922524,-8.95361303263,-0.102374766896
-16.4725536849,-0.903371729783,-8.94957733117,-0.0325175931222
-12.7790296734,-2.08929481834,-8.94553268015,-0.122656817104
-14.1251844141,-4.86495934315,-8.94147907958,-0.192792438842
-14.9310179072,-0.320365304214,-8.93741652946,-0.172924458335
-11.1365301525,-0.625512701527,-8.93334502978,-0.213052875584
-10.8517211501,2.45959846491,-8.92926458056,-0.123177690589
-9.72659089997,2.95496819509,-8.92517518178,-0.0032989033487
-5.25113940214,-0.839403510977,-8.92107683344,-0.0434165138643
-9.8853666566,-3.7135166533,-8.91696953556,-0.0735305221354
-6.90927266334,0.972628768132,-8.91285328812,-0.0736409281621
12.1971425776,3.35903275331,-8.90872809113,-0.0937477319443
10.7538790663,6.69569530224,-8.90459394458,0.0361490665179
7.18093680272,3.82261641491,-8.90045084848,0.196049467224
0.988315786831,-4.59020390867,-8.89629880283,0.155953470176
2.06601601866,-3.4427656685,-8.89213780763,0.085861075371
2.9840374982,0.344931135422,-8.88796786288,0.0157722828109
2.00238022546,-2.55711349691,-8.88378896857,-0.0643129075047
5.39104420043,1.54110043451,-8.87960112471,-0.0343944955759
3.32002942312,2.26957292967,-8.87540433129,0.105527518597
-0.260664106476,-2.76169601142,-8.87119858833,0.065453135015
-0.90103638836,-1.38270638875,-8.86698389581,0.0153823536771
0.488912577471,0.346541797656,-8.86276025373,-0.0446848254163
-3.11081720898,-2.02395145219,-8.85852766211,-0.0747484022653
1.88977425228,1.01581386172,-8.85428612093,-0.0848083768699
90.0706869612,145.255837739,-8.8500356302,0.84513525077
4.30192091794,-1.13387981922,-8.84577618992,0.0850824806542
1.78347612234,-0.153338814068,-8.84150780008,0.0550333127829
0.875352574459,-0.782539245167,-8.83723046069,0.0049877471561
7.89755027429,-3.54148111252,-8.83294417175,-0.0650542162263
5.68006922184,-0.57016441612,-8.82864893326,-0.0850925773643
5.1729094171,2.33141084403,-8.82434474521,0.0548726637422
10.1060708601,-0.67675533208,-8.82003160761,0.114841507093
11.0295535508,0.915337055563,-8.81570952045,0.124813952688
9.56335748917,1.44768800695,-8.81137848375,0.104790000528
9.05748267529,-3.54970247791,-8.80703849749,-0.0252303493876
8.59192910912,-0.526834399018,-8.80268956168,-0.0552470970589
13.5866967907,3.76629224362,-8.79833167632,0.104739757514
12.9517857199,0.209677450003,-8.7939648414,0.194730214332
12.8071958969,0.303321220137,-8.78958905693,0.174724273394
17.6029273216,1.08722355402,-8.78520432291,0.1447219347
15.088979994,-4.87861554835,-8.78081063933,0.0347231982509
88.0953539141,116.525803913,-8.7764080062,0.664728064046
6.42204908196,2.46048193816,-8.77199642352,0.114736532086
4.30906549751,-1.37458147297,-8.76757589129,0.20474860237
7.61640316077,0.120613679655,-8.7631464095,0.124764274899
9.94406207175,-0.483932603973,-8.75870797816,0.0647835496716
7.88204223044,-10.2582203239,-8.75426059727,0.064806426689
19.5503436369,0.0277505200175,-8.74980426683,-0.0451670940491
18.858966291,3.90397992764,-8.74533898683,0.114862987457
19.0679101928,3.210467899,-8.74086475728,0.284896671208
6.49717534236,-1.88278556588,-8.73638157818,0.204933957203
1.84676173963,-3.98578046702,-8.73188944952,0.0649748454428
-0.333330615395,-3.90851680441,-8.72738837131,0.105019335927
-0.213101722701,-3.88099457805,-8.72287834355,-0.144932571345
-5.95255158229,0.556786212059,-8.71835936624,-0.0848808763717
-10.4916801942,0.274825565916,-8.71383143937,0.00517442084571
-13.5904875583,-2.95687651648,-8.70929456295,-0.0547666796925
-18.2989736748,-6.03832003512,-8.70474873698,-0.164704177986
-16.0671385435,-1.04950499002,-8.70019396146,-0.134638074036
-12.2649821645,-4.50043138117,-8.69563023638,-0.25456836784
-3.08250453784,2.21890079143,-8.69105756175,-0.174495059401
-2.06970566343,2.34849152777,-8.68647593756,-0.0344181487169
-8.7865855413,-2.03165917213,-8.68188536383,-0.0443376357885
-9.21314417146,-3.88155130829,-8.67728584054,-0.0842535206156
-3.54938155391,1.85881511931,-8.6726773677,-0.0341658031983
-5.03529768864,-2.24055988935,-8.6680599453,-0.144074483537
-1.04089257566,1.44032366574,-8.66343357335,-0.10397956163
1.61383378504,2.22146578458,-8.65879825185,0.0361189625202
6.39888139345,-1.82713353284,-8.6541539808,0.0362210889153
1.87425024957,-2.8354742865,-8.6495007602,0.00632681755474
4.55994035341,1.54644352358,-8.64483859004,0.0364361484387
6.96595170497,-2.93138010259,-8.64016747033,-0.073450918433
5.73228430424,1.35105483499,-8.63548740106,-0.0333343830602
3.66893815122,2.00374833632,-8.63079838225,0.116785754557
93.0459132459,132.186700401,-8.62610041388,0.886909494419
11.6532095883,-0.790088969775,-8.62139349595,0.0670368365248
13.8308271785,2.1933802228,-8.61667762848,0.107167780875
8.3287660163,-3.24289202088,-8.61195281145,-0.0126976725297
4.01702610186,0.801094299192,-8.60721904487,-0.0125595236903
6.12560743513,2.48533918301,-8.60247632874,0.117582227394
15.5245100161,-0.210157369421,-8.59772466305,0.147727580722
14.9037338448,-0.365395358104,-8.59296404781,0.117876536295
12.4932789212,0.84962521696,-8.58819448302,0.118029094112
5.83314524536,-4.48509564423,-8.58341596867,-0.0218147458267
4.4733328172,0.400442058335,-8.57862850478,-0.0416549835207
-5.77615836324,0.936238324645,-8.57383209133,0.0685083810297
-0.38532829597,-3.6377068453,-8.56902672832,0.0686753478246
2.32582301902,-2.06139345149,-8.56421241577,0.00884591686396
12.0472955817,2.00517850607,-8.55938915366,0.00902008814773
12.2990893921,-4.03799097263,-8.554556942,-0.0508021383241
13.6812044503,0.859098112421,-8.54971578078,-0.0306207625514
101.003640756,142.646445761,-8.54486567002,0.969564215466
6.69639830967,0.0540519737705,-8.5400066097,0.229752795727
2.45947711094,-3.21808324993,-8.53513859983,0.109944978233
2.36287715993,-0.639959909886,-8.5302616404,0.0301407629835
0.88659845663,-7.30157800609,-8.52537573142,-0.0496598500217
1.92064100105,-0.952937538549,-8.52048087289,-0.139456860782
-0.0549952068222,1.96596149274,-8.51557706481,-0.0292502692987
-0.280310166976,0.295119087782,-8.51066430717,0.0609599244294
-1.73530387942,-2.86546475343,-8.50574259998,0.00117372040195
-0.739976344141,-0.475790030894,-8.50081194324,-0.048608881381
-1.64432756115,-5.74585674461,-8.49587233695,-0.0183878809196
4.09164246955,-0.615664894576,-8.4909237811,-0.128163278214
5.83793374797,3.01478551921,-8.4859662757,0.00206492673657
7.5445462741,1.54549449674,-8.48099982075,0.142296733931
4.72148004795,-0.363537961985,-8.47602441624,0.112532143371
4.78873506951,-1.27231185696,-8.47104006218,0.0227711550541
2.82631133879,-1.60082718818,-8.46604675857,0.0730137689822
7.06420885578,-2.17908395566,-8.46104450541,-0.0967400148453
5.06242762048,2.28291784061,-8.45603330269,0.0135098035716
1.6309676329,1.43517820063,-8.45101315042,0.133763224233
2.90982889304,-0.642302875596,-8.4459840486,0.0640202471388
0.909011400886,-3.23952538808,-8.44094599722,-0.015719127711
8.81851515645,1.38351066319,-8.4358989963,0.0545450996837
6.11834015973,-1.6831947218,-8.43084304581,-0.0851870706772
3.04848641072,2.49035845697,-8.42577814578,0.00508436120631
4.08895390942,2.73417019948,-8.42070429619,0.135359395334
-1.03025734415,-1.75175949426,-8.41562149706,0.0756380317067
-6.64914735002,-4.77743062425,-8.41052974836,-0.0240797296764
-8.01771610817,0.277156809502,-8.40542905012,-0.0137938888152
-7.1359636186,-4.34799719299,-8.40031940232,-0.173504445709
-5.15388988133,0.987107368261,-8.39520080497,-0.143211400359
-4.95149489633,1.51247049326,-8.39007325807,-0.0329147527647
-5.10877866362,-2.37190781799,-8.38493676161,-0.0526145029256
-3.0957411832,-1.44602756549,-8.3797913156,-0.0723106508422
-2.66238245506,2.20011125076,-8.37463692004,-0.0420031965143
-2.36870247921,-1.72349136924,-8.36947357493,-0.121692139942
-0.644701255648,2.5831645745,-8.36430128026,-0.0913774811252
3.66962121563,4.12007908199,-8.35912003604,0.0489407799361
4.78426493463,-0.262747846766,-8.35392984227,0.0692626432417
3.88922990134,-0.895316211777,-8.34873069895,0.0395881087918
4.02451611576,1.52237398696,-8.34352260607,0.0499171765863
6.7801235779,-2.42967725055,-8.33830556364,-0.0497501533747
0.846052287751,0.648530075683,-8.33307957165,-0.0494138810913
3.53230224532,2.99699596567,-8.32784463012,0.0609259934365
8.5888734506,1.2157204194,-8.32260073903,0.101269470209
6.9957659036,2.76470343688,-8.31734789839,0.0716165492255
5.32297960431,3.16394501811,-8.31208610819,0.0819672304866
7.11051455273,-1.59655483692,-8.30681536844,-0.0176784860078
7.96837074887,2.21320387181,-8.30153567914,-0.0173206002578
4.47654819273,3.43322114428,-8.29624704029,0.123040887737
77.8250468843,127.563496981,-8.29094945189,0.963405977976
8.19386682358,0.204031380476,-8.28564291393,0.0637746704588
8.91300801058,1.6848243442,-8.28032742642,0.0641469651866
11.0724704453,-3.77412412834,-8.27500298935,-0.00547713784121
8.13225412771,-0.102814037121,-8.26966960273,-0.0350976386246
7.52235905785,3.36875461784,-8.26432726656,0.105285462836
8.93278523571,1.83058183656,-8.25897598084,0.185672166542
3.92353266128,-1.69733238098,-8.25361574557,0.106062472492
2.80460133456,0.655011965228,-8.24824656074,0.0664563806863
-2.69400874444,-5.83238512481,-8.24286842636,0.0268538911251
-0.492297575723,-0.289523651107,-8.23748134243,-0.0727449961917
0.589734840705,3.55359638635,-8.23208530894,0.037659718736
2.22208850485,1.45697498755,-8.2266803259,0.128068035908
1.6447634167,-0.819387847496,-8.22126639331,0.0684799553247
1.07775957628,0.684507881205,-8.21584351116,0.0288954769857
-0.728923016439,-1.98133782635,-8.21041167947,0.0393146008911
-3.23528436144,-0.536924970149,-8.20497089822,-0.080262672959
-1.19132445872,2.9077464498,-8.19952116741,-0.00983634456473
8.52295669171,5.27267643349,-8.19406248706,0.120593586074
9.37755908985,4.20786498093,-8.18859485715,0.101027118957
6.19248273571,1.43331209212,-8.18311827769,0.0514642540848
2.46772762928,-0.680982232936,-8.17763274867,0.101904991457
1.64329377057,-1.66501799425,-8.17213827011,-0.0476506689267
-0.120818840431,2.74120480819,-8.16663484199,0.0227972729342
1.12538979628,2.19768617437,-8.16112246431,0.13324881704
0.411919680715,-0.865573895693,-8.15560113709,0.0637039633894
-0.441229187139,-1.52857540201,-8.15007086031,-0.0158372880164
-2.81405680728,0.158681655418,-8.14453163398,0.0346250628222
-0.796563179706,-1.7838027234,-8.1389834581,-0.0849089840947
-2.92874830442,2.63397146152,-8.13342633266,-0.0344394287671
1.68018859554,9.31644075227,-9.5649588376,0.15262831293
-0.858609449526,5.65035629652,-9.56265039983,0.0817902535275
-4.79708624688,3.68453040451,-9.5603330125,-0.00904420363085
-1.39524179652,8.39896307625,-9.55800667561,0.0301249414552
-2.88307609844,3.34365431174,-9.55567138918,-0.0807023112143
3.66941084734,10.048604111,-9.55332715319,-0.0515259616393
6.07221904085,11.953812474,-9.55097396765,0.0776539901801
6.44534848207,8.3192794007,-9.54861183255,0.0968375442439
1.538799171,5.08500489119,-9.5462407479,0.0660247005522
4.07257110765,9.74098894542,-9.5438607137,0.115215459105
1.00666429201,4.7572315634,-9.54147172995,0.014409819902
-2.71892127591,7.22373274513,-9.53907379665,-0.0463922170564
0.775814403876,9.12049249061,-9.53666691379,0.0528093482296
4.19087133138,5.31751079983,-9.53425108138,0.06201451576
2.1562495066,6.31478767281,-9.53182629941,0.0312232855349
-3.61805107047,7.19232310953,-9.5293925679,0.0404356575542
-0.182030399816,4.70011711,-9.52694988683,-0.040348368182
1.33431151855,7.85816967422,-9.52449825621,-0.0911287916739
2.05097468462,9.47648080219,-9.52203767603,0.0380943870788
1.72795909842,5.20505049391,-9.5195681463,0.0673211680758
71.4452647599,137.983878749,-9.51708966702,0.676551551317
0.442891669144,7.60296556858,-9.51460223819,0.0457855368032
0.67083982608,2.21231095155,-9.5121058598,-0.0249768754664
-8.87089076927,3.61191489826,-9.50960053186,-0.105735685492
-18.9823001169,4.96177740872,-9.50708625437,-0.0464908932723
-20.5133882168,1.10189848292,-9.50456302733,-0.0572424988087
-20.094155069,1.55227812088,-9.50203085073,-0.147990502101
-23.5746006735,2.00291632258,-9.49948972458,-0.188734903148
-24.4047250303,-4.22618691197,-9.49693964888,-0.219475701951
-23.0445281394,0.604968417236,-9.49438062362,-0.29021289851
-27.4540100007,2.85638231018,-9.49181264882,-0.240946492824
-26.2131706143,1.00805476688,-9.48923572445,-0.201676484893
-23.5820099803,-0.360014212671,-9.48664985054,-0.232402874719
-21.4905280985,2.31217537152,-9.48405502707,-0.2331256623
-18.538724969,0.744623519467,-9.48145125405,-0.203844847636
-17.1166005917,1.10733023116,-9.47883853148,-0.254560430728
-16.7841549668,5.4202955066,-9.47621685936,-0.175272411575
29.8086119059,126.623519346,-9.47358623768,0.394019209821
-8.17829997378,4.71700174872,-9.47094666645,-0.106685566537
-6.0648906057,6.48074271541,-9.46829814567,-0.0873867406514
-7.0111599899,3.82474224584,-9.46564067533,-0.0280843125212
-1.40710812639,3.78900034002,-9.46297425544,-0.118778282147
-3.09273501517,7.85351699795,-9.460298886,-0.0294686495275
-3.83804065623,6.53829221963,-9.45761456701,0.0698445853361
-3.10302504957,4.97332600506,-9.45492129846,0.029161422444
-1.4476881952,5.38861835424,-9.45221908036,-0.0115181382036
0.917969906878,6.26416926716,-9.44950791271,0.0478059033933
-2.07605074332,-0.230021256166,-9.4467877955,-0.102866452765
4.53024985419,8.12604678426,-9.44405872874,-0.0135352066798
6.69687169941,8.52237338843,-9.44132071243,0.12579964165
9.14381479236,4.94895855634,-9.43857374657,0.095138092225
6.04107913301,4.00580228801,-9.43581783115,0.054480145044
2.84866472138,5.02290458342,-9.43305296618,0.123825800107
1.35657155747,-2.28973455741,-9.43027915166,-0.0268249425847
2.98479964126,6.7978848655,-9.42749638758,-0.00747208303235
-3.46665102722,5.35576285216,-9.42470467396,0.111884378764
-4.61778044799,1.58389940257,-9.42190401078,0.0312444428056
2.48141137895,2.57229451673,-9.41909439804,-0.0293918909088
-4.76907554639,4.48094819463,-9.41627583576,0.0399753776213
6.41075877598,2.57986043629,-9.41344832392,-0.0406537516042
2.05091434606,6.63903124169,-9.41061186253,-0.0212792785853
-0.0786088361365,6.62846061084,-9.40776645158,0.0980987966781
-2.55781077062,1.09814854374,-9.40491209108,0.0574804741859
2.50330854261,2.53809504039,-9.40204878103,0.0168657539382
-1.92525089645,5.72830010078,-9.39917652143,0.0662546359349
14.0765109122,4.10876372493,-9.39629531228,-0.024352879824
5.08859396858,6.86948591282,-9.39340515357,-0.00495679333845
7.26099827267,6.70046666446,-9.39050604531,0.114442895392
10.0037238245,3.87170597985,-9.38759798749,0.143846186366
14.296770624,4.09320385899,-9.38468098013,0.113253079585
93.3101386712,148.214960302,-9.38175502321,1.00266357505
-0.346172033836,-1.55302469149,-9.37882011673,0.0120776727559
9.46783850882,4.59924887889,-9.37587626071,-0.0685046272919
3.2021702992,5.96178101303,-9.37292345513,0.0709166749047
-9.64317666271,-0.365428289093,-9.3699617,0.0503415793457
-17.7782023769,-0.882379027464,-9.36699099532,-0.0602299139688
-16.2629068434,2.47092879791,-9.36401134108,-0.100797805039
-16.9372900622,-3.28550481296,-9.36102273729,-0.161362093865
-16.0413520332,1.66832013991,-9.35802518395,-0.251922780446
-12.2650927566,5.14240365654,-9.35501868106,-0.142479864783
-11.3985122322,1.32674573691,-9.35200322861,-0.0930333468748
-6.59161046009,2.63134638103,-9.34897882661,-0.0835832267227
-5.52438744028,4.4362055889,-9.34594547506,-0.0541295043262
-7.76684317276,-1.18867663949,-9.34290317395,-0.0546721796852
3.32102234247,4.30669969588,-9.33985192329,-0.1452112528
8.73920910542,9.07233459499,-9.33679172308,0.03425327633
11.9777171161,5.29822805785,-9.33372257332,0.133721407704
84.9265463745,130.254380084,-9.330644474,0.853193141323
2.22569688055,3.05079067482,-9.32755742513,0.102668477186
-3.48483136565,0.167459828928,-9.32446142671,0.0821474152938
-5.50503836413,-0.335612453217,-9.32135647874,-0.138370044354
-3.35492411489,5.04157382839,-9.31824258121,-0.0388839017578
7.04551138206,4.54901867374,-9.31511973413,0.0406058430831
10.3262681267,2.98672208284,-9.31198793749,0.0200991901685
11.5373461191,3.58468405569,-9.30884719131,0.0595961394982
12.9487453592,2.09290459229,-9.30569749557,0.119096691072
5.130465847,-0.798616307367,-9.30253885028,-0.0313991551089
11.5825075825,5.75012135673,-9.29937125543,0.0781086009542
21.5248705658,6.48911758457,-9.29619471104,0.207619959262
21.2775547967,4.20837237616,-9.29300921709,0.177134919814
18.0405602754,3.7778857315,-9.28981477358,0.16665348261
5.40388700175,0.86765765059,-9.28661138053,0.206175647651
8.47753497585,-2.84231186657,-9.28339903792,-0.0242985850639
5.65150419766,4.57797718001,-9.28017774576,0.0452307844658
8.24579466718,4.03852479035,-9.27694750404,0.14476375624
18.7604063844,3.42933096443,-9.27370831278,0.0943003302585
7.86533934937,3.38039570226,-9.27046017196,0.0838405065215
3.83059356204,2.39171900384,-9.26720308159,0.143384285029
18.1261690224,0.983300869165,-9.26393704166,0.0129316657808
14.8620657305,6.87514129824,-9.26066205218,0.0824826487771
16.9582836863,2.14724029106,-9.25737811315,0.172037234018
4.18482288985,-0.160402152363,-9.25408522457,0.101595421503
2.97168334109,0.492213967958,-9.25078338643,0.0611572112327
1.13886504004,2.56508865203,-9.24747259874,0.100722603207
0.406367986708,-2.40177810015,-9.2441528615,-0.0397084025748
0.954192181091,4.10161371141,-9.24082417471,-0.0401358061118
3.55233762319,1.86526408673,-9.23748653836,-0.0105596074045
1.360804313,1.18917302579,-9.23413995246,-0.0209798064527
1.23959225052,1.6433405286,-9.23078441701,-0.0213964032564
-2.34129856423,3.18776659516,-9.227419932,0.0281906021842
-4.28186813128,-0.437548774529,-9.22404649744,-0.0522187901306
-6.78211645061,3.39739441953,-9.22066411333,-0.0726245802011
-2.60204352223,1.49259617733,-9.21727277967,-0.0430267680271
-0.671649346128,1.93805649889,-9.21387249645,-0.0334253536087
9.96906607768,5.15377538419,-9.21046326368,-0.00382033694584
-0.749897250788,-13.7102471668,-9.20704508136,0.0457882819614
10.3014606685,-11.814011154,-9.20361794949,-0.0145994968868
11.9331398354,-9.87751657741,-9.20018186806,0.0150163265093
16.7351402501,-8.42076343712,-9.19673683708,0.15463575215
19.4174619125,-6.43375173307,-9.19328285654,0.144258780035
18.8401048226,-5.24648146528,-9.18981992646,0.173885410164
23.2930689804,-0.108952633738,-9.18634804682,0.263515642538
21.5963543859,0.818834761552,-9.18286721763,0.133149477157
3.95996103915,0.43688072059,-9.17937743888,0.0927869140195
4.69388894011,1.74518524338,-9.17587871059,0.112427953127
7.77813808878,1.73374832991,-9.17237103274,0.102072594478
-4.40729151483,-1.1774300198,-9.16885440533,0.00172083807443
54.4276001293,123.581650194,-9.16532882838,0.611372683915
-6.95718697892,-2.53901102799,-9.16179430187,-0.178971868
-5.57165283939,0.270586313537,-9.15825082581,-0.179312817671
-0.825797452142,0.0804422188143,-9.15469840019,-0.149650165097
10.4003791828,5.35055668784,-9.15113702503,-0.0599839102786
15.6668770655,5.13092972061,-9.14756670031,-0.0203140532159
3.46369619588,1.66156131714,-9.14398742604,0.0693594060913
-1.97916342602,-0.477548522592,-9.14039920221,-0.0309635323572
-1.9217018002,2.19360020143,-9.13680202883,-0.0212828685611
6.12608107333,2.0850074892,-9.1331959059,-0.0415986025207
11.0241851946,2.51667334071,-9.12958083342,0.00808926576419
12.2226105635,3.52859775598,-9.12595681138,0.0377807362935
3.60135718021,1.08078073499,-9.12232383979,0.0974758090673
-1.5395749554,-1.82677772225,-9.11868191865,-0.0128255159145
1.2498141567,0.875922384261,-9.11503104796,-0.0231232386519
16.7195245165,-0.83111894548,-9.11137122771,-0.00341735914483
20.2595561241,6.66209828853,-9.10770245791,0.0862921226067
11.0999089793,1.13557408628,-9.10402473856,0.0760052066026
4.41058308226,1.82930844779,-9.10033806965,0.125721892843
3.11157843294,-1.51669862696,-9.09664245119,-0.0045578186722
0.882895031331,0.127552862039,-9.09293788318,-0.00483392794296
0.744532877436,-1.43793708521,-9.08922436562,0.0648935650307
4.78649197126,1.83683153129,-9.0855018985,-0.0253753397512
5.40877231279,0.791858711532,-9.08177048183,-0.0156406422886
3.42137390204,2.41714445553,-9.07803011561,0.0540976574184
4.704296739,-2.39731123673,-9.07428079984,-0.0361604406302
8.72754082368,1.01849163476,-9.07052253451,0.00358506356569
13.1411061561,3.73455307,-9.06675531963,0.083334170006
17.5149927362,1.52087306899,-9.06297915519,0.0130868786907
22.939200564,0.847451631725,-9.05919404121,0.0428431896199
18.7137296395,3.21428875821,-9.05539997767,0.102603102794
4.14857996278,-17.6486155516,-9.05159696458,-0.0876333817884
10.7037515337,-6.90126129757,-9.04778500193,-0.087866264126
-1.00075564757,-45.7836484798,-9.04396408974,-0.348095544219
-4.80494158118,-33.4857770984,-9.04013422799,-0.228321222068
-0.168806267071,-24.6876471531,-9.03629541668,-0.0885432976719
3.21765029475,-15.7692586442,-9.03244765583,0.0512382289683
4.00442810429,-4.52061157144,-9.02859094542,0.141023357853
-14.3384728385,-2.74170593497,-9.02472528546,0.210812088982
-5.65105253349,-7.95254173474,-9.02085067594,-0.0593955776444
-6.77331098081,-1.75311897077,-9.01696711688,-0.0395996420264
-5.52524818042,-1.94343764306,-9.01307460826,-0.029800104164
-4.04686413231,-1.03349775159,-9.00917315009,0.0200030359428
-4.99815883649,-8.77329929638,-9.00526274236,0.0498097782941
4.11086770705,4.47715772259,-9.00134338508,0.12962012289
8.7502154983,-3.1321266947,-8.99741507825,0.04943406973
7.84988453727,3.62884745176,-8.99347782187,0.0992516188146
9.67987482395,4.30008016197,-8.98953161593,0.159072770144
9.00018635835,4.97157143592,-8.98557646044,0.228897523717
4.78081914046,1.30332127363,-8.9816123554,0.238725879535
94.3417731703,143.175329675,-8.97763930081,1.1985578376
17.7630484478,-1.00240335971,-8.97365729666,0.218393397904
16.7946449731,8.26012216924,-8.96966634296,0.218232560455
11.476562746,1.44290626194,-8.96566643971,0.258075325251
8.04880176673,-1.57405108162,-8.9616575869,0.277921692291
6.57136203513,-2.55074986142,-8.95763978454,0.297771661575
7.13424355124,-3.26719007748,-8.95361303263,0.287625233104
5.79744631507,-7.96337172978,-8.94957733117,0.277482406878
-8.63902967339,-7.76929481834,-8.94553268015,0.127343182896
-10.6551844141,-7.65495934315,-8.94147907958,0.117207561158
-6.12101790717,-6.47036530421,-8.93741652946,0.0770755416646
-7.73653015248,-7.07551270153,-8.93334502978,0.0869471244157
-7.40172115008,-6.07040153509,-8.92926458056,0.0868223094113
-5.36659089997,-7.23503180491,-8.92517518178,0.126701096651
1.56886059786,-5.76940351098,-8.92107683344,0.0665834861357
3.6946333434,-4.9135166533,-8.91696953556,0.126469477865
7.48072733666,-5.08737123187,-8.91285328812,0.176359071838
74.9971425776,111.619032753,-8.90872809113,1.11625226806
4.35387906632,-6.61430469776,-8.90459394458,0.226149066518
-0.939063197284,-7.56738358509,-8.90045084848,0.286049467224
0.838315786831,-9.25020390867,-8.89629880283,0.165953470176
-6.77398398134,-10.1527656685,-8.89213780763,0.155861075371
-13.6359625018,-11.3850688646,-8.88796786288,0.115772282811
-15.4876197745,-10.9371134969,-8.88378896857,0.0856870924953
-3.87895579957,-7.32889956549,-8.87960112471,0.0656055044241
-7.59997057688,-7.53042707033,-8.87540433129,0.125527518597
-1.72066410648,-8.44169601142,-8.87119858833,0.085453135015
-0.95103638836,-6.96270638875,-8.86698389581,0.145382353677
1.97891257747,-6.08345820234,-8.86276025373,0.175315174584
5.21918279102,-5.44395145219,-8.85852766211,0.215251597735
2.67977425228,-5.80418613828,-8.85428612093,0.21519162313
6.13068696125,-3.77416226062,-8.8500356302,0.26513525077
9.60192091794,-6.10387981922,-8.84577618992,0.205082480654
16.3534761223,-3.77333881407,-8.84150780008,0.235033312783
21.7253525745,-0.0525392451669,-8.83723046069,0.274987747156
12.1975502743,-3.63148111252,-8.83294417175,0.314945783774
4.25006922184,-8.63016441612,-8.82864893326,0.264907422636
7.6829094171,-6.92858915597,-8.82434474521,0.284872663742
20.5060708601,-7.52675533208,-8.82003160761,0.134841507093
7.77955355076,-9.56466294444,-8.81570952045,0.144813952688
6.01335748917,-5.84231199305,-8.81137848375,0.114790000528
-2.79251732471,-14.0097024779,-8.80703849749,0.144769650612
1.16192910912,-5.95683439902,-8.80268956168,0.0647529029411
2.55669679067,-2.13370775638,-8.79833167632,0.134739757514
-7.64821428007,-9.92032255,-8.7939648414,0.0147302143317
-10.8828041031,-7.35667877986,-8.78958905693,0.00472427339367
-8.5370726784,-5.99277644598,-8.78520432291,-0.0152780652999
0.318979994005,-2.99861554835,-8.78081063933,0.0347231982509
5.23535391413,-0.234196086972,-8.7764080062,0.0347280640462
-3.01795091804,-3.36951806184,-8.77199642352,0.104736532086
66.6090654975,117.325418527,-8.76757589129,0.74474860237
-12.2635968392,-8.23938632035,-8.7631464095,0.0247642748986
8.62406207175,0.0260673960272,-8.75870797816,0.0447835496716
8.14204223044,1.50177967615,-8.75426059727,0.114806426689
4.48034363685,-2.90224947998,-8.74980426683,0.0748329059509
0.418966290973,-8.07602007236,-8.74533898683,0.244862987457
-17.5020898072,-38.319532101,-8.74086475728,0.174896671208
0.93717534236,-4.10278556588,-8.73638157818,0.114933957203
6.11676173963,-6.05578046702,-8.73188944952,0.0349748454428
-9.1133306154,-9.67851680441,-8.72738837131,-0.0149806640731
-12.6431017227,-7.85099457805,-8.72287834355,-0.114932571345
-8.11255158229,-0.953213787941,-8.71835936624,0.00511912362833
-6.58168019417,0.0748255659161,-8.71383143937,0.185174420846
-10.2304875583,-4.25687651648,-8.70929456295,-0.0347666796925
-4.35897367478,-6.35832003512,-8.70474873698,-0.0947041779862
5.17286145649,0.180495009977,-8.70019396146,-0.0546380740356
5.42501783547,-0.570431381172,-8.69563023638,-0.0445683678404
92.4474954622,147.688900791,-8.69105756175,0.985504940599
5.15029433657,3.48849152777,-8.68647593756,0.355581851283
-6.2065855413,-5.30165917213,-8.68188536383,0.105662364212
-0.253144171463,-8.82155130829,-8.67728584054,0.0057464793844
-0.61938155391,-5.43118488069,-8.6726773677,-0.0141658031983
2.25470231136,-5.19055988935,-8.6680599453,-0.0640744835366
1.70910742434,-0.349676334262,-8.66343357335,0.0460204383696
-0.0961662149626,-0.488534215424,-8.65879825185,0.24611896252
0.378881393449,-7.12713353284,-8.6541539808,0.0262210889153
8.76425024957,-7.7654742865,-8.6495007602,0.0863268175547
11.9599403534,1.62644352358,-8.64483859004,0.0664361484387
-5.41404829503,-7.72138010259,-8.64016747033,0.036549081567
-8.24771569576,-1.64894516501,-8.63548740106,0.0766656169398
-7.40106184878,0.503748336322,-8.63079838225,0.266785754557
-6.34408675408,-8.4032995986,-8.62610041388,-0.00309050558132
-10.3567904117,-5.51008896978,-8.62139349595,0.0370368365248
-7.80917282154,-3.9766197772,-8.61667762848,-0.0728322191247
-4.7312339837,-2.97289202088,-8.61195281145,-0.0526976725297
-9.81297389814,-2.64890570081,-8.60721904487,-0.0225595236903
-9.91439256487,-0.154660816988,-8.60247632874,0.147582227394
-6.10548998389,-8.78015736942,-8.59772466305,-0.0422724192782
-6.50626615519,-1.9353953581,-8.59296404781,0.0278765362945
-10.2967210788,-7.29037478304,-8.58819448302,-0.0619709058883
-8.27685475464,-3.96509564423,-8.58341596867,-0.0718147458267
-6.2166671828,-1.86955794167,-8.57862850478,-0.0516549835207
-11.5461583632,0.106238324645,-8.57383209133,0.11850838103
-10.345328296,-10.7677068453,-8.56902672832,-0.0713246521754
-30.804176981,-32.4413934515,-8.56421241577,-0.121154083136
-14.5027044183,-27.1748214939,-8.55938915366,-0.320979911852
-19.8409106079,-5.25799097263,-8.554556942,-0.300802138324
-20.0287955497,-2.50090188758,-8.54971578078,-0.250620762551
-18.3063592439,-0.0935542387786,-8.54486567002,-0.110435784534
-7.37360169033,-2.03594802623,-8.5400066097,-0.0602472042728
-11.8205228891,0.941916750068,-8.53513859983,0.0499449782331
-38.4671228401,-62.4699599099,-8.5302616404,-0.319859237017
-22.1334015434,-13.7915780061,-8.52537573142,-0.399659850022
-27.579358999,-5.74293753855,-8.52048087289,-0.359456860782
-28.5649952068,-3.98403850726,-8.51557706481,-0.279250269299
-27.160310167,-9.54488091222,-8.51066430717,-0.229040075571
-29.5753038794,-32.6854647534,-8.50574259998,-0.318826279598
-18.5899763441,-10.8957900309,-8.50081194324,-0.318608881381
-23.1643275612,-23.5858567446,-8.49587233695,-0.45838788092
-26.4483575304,-4.91566489458,-8.4909237811,-0.378163278214
-28.142066252,-3.22521448079,-8.4859662757,-0.287935073263
-28.9954537259,-3.85450550326,-8.48099982075,-0.197703266069
-28.5585199521,-6.68353796198,-8.47602441624,-0.207467856629
-19.4012649305,-10.922311857,-8.47104006218,-0.257228844946
-13.7536886612,-10.8108271882,-8.46604675857,-0.346986231018
-8.38579114422,0.360916044342,-8.46104450541,-0.306740014845
-2.16757237952,3.38291784061,-8.45603330269,-0.136490196428
54.0909676329,95.1651782006,-8.45101315042,0.513763224233
-2.48017110696,-2.6923028756,-8.4459840486,-0.0559797528612
2.34901140089,-3.04952538808,-8.44094599722,-0.035719127711
-45.4714848436,-92.4364893368,-8.4358989963,-0.405454900316
-37.1416598403,-83.8731947218,-8.43084304581,-0.505187070677
-22.9915135893,-35.209641543,-8.42577814578,-0.404915638794
-65.2810460906,-116.365829801,-8.42070429619,-0.574640604666
-62.6002573442,-122.711759494,-8.41562149706,-0.584361968293
-53.28914735,-106.487430624,-8.41052974836,-0.554079729676
-47.3877161082,-90.3128431905,-8.40542905012,-0.463793888815
-39.3059636186,-64.937997193,-8.40031940232,-0.383504445709
-36.4738898813,-40.7728926317,-8.39520080497,-0.303211400359
-43.6514948963,-51.9675295067,-8.39007325807,-0.302914752765
-33.4087786636,-39.651907818,-8.38493676161,-0.282614502926
-27.3257411832,-21.1660275655,-8.3797913156,-0.312310650842
-30.6623824551,-11.8098887492,-8.37463692004,-0.332003196514
-30.4187024792,-9.48349136924,-8.36947357493,-0.321692139942
11.6652987444,118.893164575,-8.36430128026,0.108622518875
-31.9703787844,-12.999920918,-8.35912003604,-0.301059220064
-34.2757350654,-11.5827478468,-8.35392984227,-0.260737356758
-31.2007700987,-13.4253162118,-8.34873069895,-0.310411891208
-35.0954838842,-10.147626013,-8.34352260607,-0.330082823414
-35.5898764221,-10.3596772506,-8.33830556364,-0.329750153375
-33.3339477122,-7.83146992432,-8.33307957165,-0.319413881091
-31.1676977547,-9.05300403433,-8.32784463012,-0.299074006564
-28.9211265494,-6.4342795806,-8.32260073903,-0.268730529791
-29.4542340964,-12.0152965631,-8.31734789839,-0.288383450775
-29.6370203957,-8.22605498189,-8.31208610819,-0.308032769513
-28.6194854473,-6.50655483692,-8.30681536844,-0.277678486008
-26.4816292511,-4.75679612819,-8.30153567914,-0.257320600258
-25.1334518073,-5.26677885572,-8.29624704029,-0.226959112263
-25.4749531157,-5.72650301949,-8.29094945189,-0.186594022024
-22.7461331764,-7.59596861952,-8.28564291393,-0.186225329541
-21.0369919894,-5.3651756558,-8.28032742642,-0.225853034813
-21.6675295547,-2.81412412834,-8.27500298935,-0.185477137841
-22.2777458723,-2.83281403712,-8.26966960273,-0.165097638625
-18.5476409421,-2.70124538216,-8.26432726656,-0.124714537164
-22.3872147643,-3.19941816344,-8.25897598084,-0.084327833458
-21.7064673387,-4.97733238098,-8.25361574557,-0.0939375275081
-18.2153986654,-4.03498803477,-8.24824656074,-0.173543619314
-16.9940087444,-1.50238512481,-8.24286842636,-0.133146108875
-18.0322975757,-1.64952365111,-8.23748134243,-0.112744996192
-19.7002651593,-2.55640361365,-8.23208530894,-0.072340281264
-23.8379114952,-2.28302501245,-8.2266803259,-0.0419319640919
-24.8752365833,-5.3493878475,-8.22126639331,-0.0515200446753
-21.2122404237,-4.8854921188,-8.21584351116,-0.171104523014
-26.4989230164,-4.65133782635,-8.21041167947,-0.170685399109
-29.0752843614,-6.62692497015,-8.20497089822,-0.190262672959
-28.3913244587,-5.3522535502,-8.19952116741,-0.169836344565
-22.4370433083,-2.11732356651,-8.19406248706,-0.149406413926
40.7775590898,132.057864981,-8.18859485715,0.441027118957
-11.8075172643,-2.86668790788,-8.18311827769,-0.168535745915
-20.4922723707,-3.49098223294,-8.17763274867,-0.128095008543
-18.6067062294,-2.66501799425,-8.17213827011,-0.117650668927
-14.4808188404,-1.19879519181,-8.16663484199,-0.0772027270658
-10.7346102037,0.197686174373,-8.16112246431,-0.0267511829604
-18.7980803193,-21.5655738957,-8.15560113709,0.00370396338935
-16.0112291871,-18.708575402,-8.15007086031,-0.265837288016
-23.5740568073,-18.7613183446,-8.14453163398,-0.245374937178
-24.4565631797,-4.7038027234,-8.1389834581,-0.224908984095
-30.6087483044,-5.05602853848,-8.13342633266,-0.184439428767
-24.9698114045,-1.48355924773,-9.5649588376,-0.12737168707
-28.3686094495,-0.289643703481,-9.56265039983,-0.108209746472
-21.6570862469,-8.13546959549,-9.5603330125,-0.299044203631
-23.0152417965,0.0689630762541,-9.55800667561,-0.269875058545
-22.4330760984,-0.426345688256,-9.55567138918,-0.280702311214
-26.1105891527,1.69860411098,-9.55332715319,-0.221525961639
19.0322190408,127.163812474,-9.55097396765,0.26765399018
-21.3946515179,2.5592794007,-9.54861183255,-0.133162455756
-16.211200829,-5.64499510881,-9.5462407479,-0.263975299448
-17.8574288924,2.48098894542,-9.5438607137,-0.224784540895
-15.383335708,-1.9427684366,-9.54147172995,-0.265590180098
-17.5389212759,4.08373274513,-9.53907379665,-0.186392217056
-22.5841855961,4.41049249061,-9.53666691379,-0.10719065177
-21.7791286686,3.07751079983,-9.53425108138,-0.06798548424
-13.6037504934,-1.63521232719,-9.53182629941,-0.188776714465
-19.3180510705,3.52232310953,-9.5293925679,-0.139564342446
-6.34203039982,0.150117110002,-9.52694988683,-0.220348368182
-7.97568848145,5.49816967422,-9.52449825621,-0.141128791674
-1.91902531538,7.25648080219,-9.52203767603,-0.0219056129212
-5.32204090158,5.19505049391,-9.5195681463,0.0573211680758
-4.11473524008,-3.89612125063,-9.51708966702,-0.0934484486827
-6.79710833086,4.61296556858,-9.51460223819,-0.0442144631968
-0.18916017392,0.912310951546,-9.5121058598,-0.164976875466
-10.6708907693,4.96191489826,-9.50960053186,-0.105735685492
-7.02230011691,6.41177740872,-9.50708625437,-0.0164908932723
-0.953388216827,7.72189848292,-9.50456302733,0.0627575011913
5.57584493097,-1.34772187912,-9.50203085073,-0.0279905021006
0.435399326475,7.10291632258,-9.49948972458,0.021265096852
-5.7947250303,-7.42618691197,-9.49693964888,-0.039475701951
-20.6845281394,1.48496841724,-9.49438062362,-0.0602128985096
-22.4540100007,1.72638231018,-9.49181264882,-0.0309464928237
-20.6731706143,1.33805476688,-9.48923572445,-0.0316764848935
-17.4820099803,-7.43001421267,-9.48664985054,-0.142402874719
-25.3005280985,-0.187824628476,-9.48405502707,-0.2031256623
-22.628724969,-5.56537648053,-9.48145125405,-0.203844847636
-23.8366005917,2.01733023116,-9.47883853148,-0.224560430728
-25.4241549668,0.530295506598,-9.47621685936,-0.175272411575
-26.5813880941,-1.56648065421,-9.47358623768,-0.145980790179
-23.6882999738,-6.24299825128,-9.47094666645,-0.156685566537
-25.6148906057,0.820742715409,-9.46829814567,-0.207386740651
-20.0111599899,2.95474224584,-9.46564067533,-0.178084312521
-19.6471081264,4.61900034002,-9.46297425544,-0.188778282147
-18.5027350152,5.15351699795,-9.460298886,-0.0994686495275
-13.6980406562,5.22829221963,-9.45761456701,-0.0301554146639
-15.7430250496,-1.49667399494,-9.45492129846,-0.000838577555966
-15.6776881952,3.67861835424,-9.45221908036,-0.0915181382036
-11.3420300931,3.68416926716,-9.44950791271,-0.0721940966067
-9.26605074332,4.67997874383,-9.4467877955,-0.112866452765
-5.25975014581,6.66604678426,-9.44405872874,-0.00353520667976
-4.70312830059,6.45237338843,-9.44132071243,0.0657996416504
-4.59618520764,3.84895855634,-9.43857374657,0.145138092225
-6.73892086699,1.91580228801,-9.43581783115,-0.025519854956
-3.46133527862,2.55290458342,-9.43305296618,0.0138258001074
0.306571557466,4.49026544259,-9.43027915166,-0.0568249425847
5.83479964126,8.0678848655,-9.42749638758,0.0825279169676
7.78334897278,5.63576285216,-9.42470467396,0.161884378764
77.482219552,143.103899403,-9.42190401078,1.17124444281
3.93141137895,0.912294516726,-9.41909439804,0.0206081090912
8.32092445361,3.52094819463,-9.41627583576,0.109975377621
12.770758776,3.48986043629,-9.41344832392,-0.0106537516042
13.7209143461,6.55903124169,-9.41061186253,0.138720721415
15.5513911639,4.50846061084,-9.40776645158,0.218098796678
11.9321892294,6.26814854374,-9.40491209108,0.337480474186
8.72330854261,-0.871904959614,-9.40204878103,0.0568657539382
5.37474910355,3.70830010078,-9.39917652143,0.146254635935
7.44651091221,0.438763724926,-9.39629531228,-0.034352879824
5.53859396858,4.42948591282,-9.39340515357,0.0950432066616
4.39099827267,0.820466664461,-9.39050604531,0.174442895392
0.203723824472,4.22170597985,-9.38759798749,0.223846186366
4.80677062399,-4.28679614101,-9.38468098013,-0.0567469204152
0.650138671219,3.66496030188,-9.38175502321,0.0126635750481
1.80382796616,-0.063024691489,-9.37882011673,-0.107922327244
6.78783850882,5.03924887889,-9.37587626071,0.0214953727081
6.7621702992,5.96178101303,-9.37292345513,0.160916674905
10.1368233373,5.12457171091,-9.3699617,0.200341579346
10.5317976231,-4.07237902746,-9.36699099532,-0.0302299139688
4.85709315661,4.03092879791,-9.36401134108,0.0592021949611
6.12270993784,-0.665504812961,-9.36102273729,-0.0613620938645
5.40864796679,5.76832013991,-9.35802518395,0.0680772195543
5.48490724345,4.54240365654,-9.35501868106,0.167520135217
8.82148776782,3.94674573691,-9.35200322861,0.186966653125
8.58838953991,-9.13865361897,-9.34897882661,-0.00358322672274
2.20561255972,3.2562055889,-9.34594547506,0.0558704956738
-8.19684317276,-21.1186766395,-9.34290317395,-0.0346721796852
6.78102234247,1.43669969588,-9.33985192329,-0.0852112527998
7.27920910542,5.29233459499,-9.33679172308,0.05425327633
7.12771711608,2.09822805785,-9.33372257332,0.123721407704
1.09654637446,-7.59561991554,-9.330644474,0.173193141323
-11.9443031195,1.55079067482,-9.32755742513,0.0626684771862
-19.8148313656,-2.62254017107,-9.32446142671,0.0621474152938
-21.2150383641,-20.6056124532,-9.32135647874,-0.288370044354
-34.0949241149,-52.3684261716,-9.31824258121,-0.358883901758
-8.62448861794,-14.1109813263,-9.31511973413,-0.279394156917
-20.9237318733,-1.88327791716,-9.31198793749,-0.249900809832
-22.4426538809,-0.935315944311,-9.30884719131,-0.250403860502
-24.7512546408,-2.06709540771,-9.30569749557,-0.200903308928
-26.789534153,-4.21861630737,-9.30253885028,-0.241399155109
-26.2274924175,-2.28987864327,-9.29937125543,-0.181891399046
-24.6151294342,-20.0808824154,-9.29619471104,-0.282380040738
-24.0524452033,-2.86162762384,-9.29300921709,-0.282865080186
-24.9694397246,-37.0521142685,-9.28981477358,-0.39334651739
-36.2861129982,-85.6623423494,-9.28661138053,-0.473824352349
-37.2324650242,-82.4423118666,-9.28339903792,-0.394298585064
-27.2984958023,-71.05202282,-9.28017774576,-0.264769215534
-20.0842053328,-53.4414752097,-9.27694750404,-0.26523624376
-14.5595936156,-16.8806690356,-9.27370831278,-0.185699669741
53.6753393494,130.490395702,-9.27046017196,0.393840506522
-8.19940643796,2.09171900384,-9.26720308159,-0.0866157149711
-5.81383097758,3.78330086916,-9.26393704166,0.0129316657808
-4.56793426949,3.21514129824,-9.26066205218,0.112482648777
-6.44171631368,-3.52275970894,-9.25737811315,-0.0679627659821
-9.36517711015,-3.69040215236,-9.25408522457,-0.238404578497
0.281683341087,1.55221396796,-9.25078338643,-0.208842788767
5.87886504004,7.45508865203,-9.24747259874,-0.0492773967933
5.63636798671,4.63822189985,-9.2441528615,0.110291597425
5.10419218109,4.16161371141,-9.24082417471,0.259864193888
6.53233762319,-4.15473591327,-9.23748653836,0.109440392596
2.180804313,-2.77082697421,-9.23413995246,-0.0909798064527
-80.2104077495,-138.556659471,-9.23078441701,-0.701396403256
-80.2512985642,-138.592233405,-9.227419932,-0.701809397816
-80.2918681313,-138.627548775,-9.22404649744,-0.702218790131
-80.3321164506,-138.66260558,-9.22066411333,-0.702624580201
-80.3720435222,-138.697403823,-9.21727277967,-0.703026768027
-80.4116493461,-138.731943501,-9.21387249645,-0.703425353609
