0.668,0.159,0.006,0.004
0.558,0.165,0.001,0.004
0.959,0.187,0.008,0.004
0.418,0.17,0.002,0.004
0.603,0.162,0.001,0.004
0.617,0.156,0.002,0.004
0.515,0.16,0.001,0.004
2.087,0.273,0.003,0.004
1.458,0.252,0.003,0.004
1.338,0.2,0.014,0.004
1.942,0.246,0.011,0.004
1.348,0.263,0.002,0.004
1.372,0.221,0.009,0.004
1.652,0.251,0.001,0.004
0.952,0.216,0.003,0.004
1.014,0.178,0.009,0.004
1.358,0.202,0.018,0.004
1.037,0.258,0.005,0.004
0.475,0.183,0.006,0.004
1.065,0.193,0.009,0.004
0.58,0.177,0.001,0.004
0.545,0.138,0.009,0.004
0.335,0.148,0.001,0.004
0.863,0.169,0.007,0.004
0.779,0.171,0.004,0.004
1.114,0.199,0.01,0.004
0.362,0.17,0.001,0.004
0.324,0.128,0.005,0.004
0.412,0.142,0.001,0.004
0.527,0.148,0.001,0.004
0.488,0.143,0.002,0.004
0.472,0.163,0.001,0.004
0.978,0.179,0.001,0.004
0.951,0.189,0.008,0.004
0.269,0.144,0.001,0.004
0.455,0.145,0.001,0.004
0.812,0.157,0.007,0.004
0.683,0.176,0.001,0.004
0.247,0.121,0.006,0.004
0.319,0.14,0.001,0.004
0.315,0.156,0.001,0.004
0.746,0.167,0.003,0.004
1.173,0.19,0.012,0.004
0.668,0.285,0.003,0.004
0.404,0.222,0.004,0.004
0.575,0.151,0.005,0.004
0.507,0.151,0.001,0.004
0.554,0.171,0.001,0.004
0.403,0.144,0.002,0.004
0.563,0.173,0.001,0.004
0.52,0.152,0.001,0.004
0.138,0.114,0.001,0.004
0.37,0.132,0.002,0.004
0.35,0.131,0.001,0.004
0.364,0.135,0.001,0.004
0.538,0.145,0.001,0.004
0.815,0.181,0.003,0.004
0.751,0.186,0.001,0.004
0.462,0.156,0.002,0.004
0.635,0.149,0.006,0.004
0.569,0.157,0.002,0.004
2.585,0.252,0.054,0.004
0.394,0.25,0.005,0.004
0.249,0.16,0.006,0.004
0.412,0.124,0.005,0.004
0.663,0.152,0.004,0.004
1.073,0.176,0.006,0.004
0.625,0.169,0.001,0.004
0.363,0.149,0.001,0.004
0.386,0.143,0.002,0.004
0.456,0.14,0.002,0.004
0.449,0.134,0.005,0.004
0.535,0.174,0.001,0.004
0.883,0.176,0.004,0.004
0.358,0.151,0.001,0.004
0.426,0.132,0.008,0.004
0.345,0.126,0.003,0.004
0.093,0.103,0.001,0.004
0.095,0.095,0.002,0.004
0.133,0.1,0.003,0.004
1.185,0.173,0.023,0.004
0.963,0.211,0.003,0.004
0.536,0.149,0.005,0.004
0.152,0.11,0.001,0.004
5.016,0.517,0.102,0.004
0.866,0.435,0.008,0.004
0.284,0.193,0.013,0.004
0.565,0.156,0.006,0.004
1.413,0.219,0.025,0.004
1.252,0.242,0.003,0.004
0.406,0.184,0.004,0.004
0.913,0.204,0.001,0.004
1.064,0.204,0.003,0.004
3.517,0.45,0.038,0.004
5.404,0.529,0.014,0.004
1.379,0.213,0.032,0.009
2.849,0.412,0.069,0.009
0.965,0.326,0.012,0.009
1.305,0.209,0.003,0.009
0.682,0.176,0.003,0.009
1.218,0.176,0.003,0.009
2.728,0.307,0.04,0.009
1.042,0.305,0.007,0.009
1.579,0.263,0.005,0.009
0.6,0.196,0.003,0.009
1.189,0.231,0.003,0.009
1.568,0.229,0.019,0.009
0.66,0.229,0.005,0.009
3.771,0.394,0.006,0.009
0,0,0,0
1.749,0.272,0.01,0.009
0.891,0.229,0.002,0.009
0.665,0.136,0.02,0.009
1.12,0.185,0.005,0.009
0.644,0.204,0.002,0.009
0.579,0.184,0.004,0.009
1.119,0.163,0.017,0.009
0.766,0.171,0.002,0.009
0.944,0.198,0.003,0.009
0.937,0.191,0.004,0.009
1.252,0.189,0.005,0.009
0.631,0.17,0.003,0.009
0.356,0.108,0.004,0.009
0.984,0.158,0.01,0.009
0.273,0.115,0.002,0.009
0.628,0.164,0.002,0.009
0.777,0.159,0.003,0.009
0.504,0.141,0.002,0.009
3.511,0.304,0.08,0.009
1.25,0.351,0.012,0.009
0.443,0.173,0.01,0.009
0.943,0.215,0.003,0.009
0.661,0.244,0.003,0.009
0.431,0.209,0.003,0.009
0.624,0.145,0.001,0.009
0.674,0.146,0.001,0.009
0.532,0.307,0.003,0.009
0.22,0.232,0.006,0.009
0.199,0.099,0.001,0.009
0.415,0.115,0.004,0.009
1.659,0.258,0.029,0.009
0.632,0.231,0.007,0.009
1.158,0.186,0.009,0.009
0.901,0.187,0.002,0.009
0.886,0.166,0.002,0.009
1.049,0.197,0.001,0.009
0.798,0.191,0.002,0.009
0.334,0.14,0.004,0.009
0.752,0.138,0.006,0.008
0.411,0.139,0.001,0.008
0.705,0.157,0.003,0.008
1.754,0.206,0.005,0.009
0.838,0.181,0.002,0.009
1.11,0.187,0.002,0.009
1.553,0.218,0.002,0.009
1.45,0.234,0.002,0.009
1.533,0.21,0.005,0.009
0.855,0.187,0.001,0.009
1.056,0.201,0.002,0.009
0,0,0,0
0.825,0.187,0.004,0.007
1.737,0.215,0.022,0.007
1.552,0.242,0.002,0.007
1.322,0.186,0.002,0.007
1.917,0.246,0.002,0.008
1.01,0.202,0.003,0.008
0.541,0.152,0.001,0.008
1.037,0.171,0.004,0.008
0.629,0.163,0.001,0.008
0.491,0.162,0.002,0.008
0.773,0.16,0.002,0.008
0.722,0.16,0.001,0.008
0.913,0.163,0.007,0.008
0.942,0.183,0.001,0.008
0.665,0.153,0.006,0.008
0.765,0.163,0.001,0.008
1.05,0.191,0.002,0.008
0.799,0.168,0.001,0.007
1.19,0.174,0.01,0.007
0.914,0.176,0.001,0.007
0.577,0.158,0.001,0.007
0.965,0.173,0.007,0.007
0.595,0.156,0.002,0.007
0.581,0.165,0.002,0.007
0.405,0.135,0.002,0.007
0.541,0.161,0.001,0.007
0.562,0.158,0.001,0.007
0.734,0.158,0.002,0.007
1.397,0.206,0.014,0.007
0.995,0.19,0.003,0.007
0.85,0.172,0.001,0.007
0.498,0.142,0.002,0.007
0.977,0.168,0.006,0.007
0.63,0.153,0.001,0.007
0.911,0.17,0.009,0.007
0.623,0.147,0.004,0.007
0.318,0.126,0.001,0.007
0.27,0.112,0.002,0.007
0.17,0.1,0.002,0.007
0.278,0.108,0.002,0.007
0.505,0.135,0.006,0.007
0.553,0.168,0.002,0.007
0.795,0.154,0.007,0.007
0.639,0.152,0.003,0.007
0.716,0.194,0.001,0.007
0.864,0.196,0.002,0.007
0.7,0.168,0.004,0.007
0.796,0.201,0.002,0.007
0.388,0.156,0.003,0.007
0.954,0.181,0.001,0.007
0.417,0.133,0.003,0.007
0.408,0.13,0.001,0.006
0.82,0.167,0.001,0.006
0.314,0.137,0.001,0.006
0.598,0.143,0.001,0.006
0.54,0.162,0.002,0.006
0.645,0.153,0.001,0.006
0.537,0.149,0.001,0.006
0.412,0.143,0.001,0.006
0.485,0.138,0.004,0.006
1.051,0.17,0.008,0.006
0.478,0.147,0.002,0.006
0.7,0.135,0.008,0.006
1.715,0.205,0.017,0.006
1.067,0.198,0.005,0.005
0.624,0.187,0.001,0.005
1.278,0.201,0.007,0.005
0.615,0.191,0.002,0.005
1.124,0.192,0.004,0.005
0.792,0.167,0.001,0.005
0.66,0.159,0.001,0.005
0.689,0.161,0.001,0.005
0.455,0.131,0.002,0.005
0.888,0.152,0.008,0.005
1.012,0.166,0.003,0.005
2.309,0.236,0.016,0.005
0.505,0.198,0.003,0.005
1.623,0.197,0.009,0.005
0.471,0.164,0.001,0.005
1.286,0.192,0.002,0.005
1.033,0.195,0.001,0.005
1.296,0.195,0.011,0.005
1.331,0.203,0.007,0.005
2.15,0.253,0.009,0.005
1.896,0.443,0.016,0.005
1.123,0.378,0.006,0.005
0.896,0.168,0.01,0.005
0.533,0.176,0.002,0.005
0.35,0.146,0.003,0.005
0.257,0.129,0.001,0.005
0.961,0.219,0.007,0.005
0.513,0.186,0.002,0.005
0.7,0.177,0.005,0.005
0.921,0.193,0.011,0.005
0.748,0.185,0.003,0.005
0.698,0.167,0.001,0.005
0.644,0.166,0.006,0.005
0.66,0.162,0.001,0.005
2.433,0.261,0.039,0.005
0.695,0.243,0.008,0.005
0.372,0.135,0.007,0.005
1.223,0.187,0.002,0.005
1.578,0.202,0.009,0.005
0.82,0.193,0.002,0.005
0.667,0.16,0.012,0.005
0.538,0.179,0.002,0.005
0.474,0.147,0.003,0.005
1.346,0.205,0.006,0.005
2.253,0.423,0.008,0.005
0.694,0.295,0.009,0.005
0.7,0.155,0.002,0.005
0.737,0.169,0.002,0.005
0.699,0.167,0.008,0.005
1.025,0.182,0.003,0.005
0.684,0.178,0.002,0.005
0.66,0.161,0.005,0.005
0.821,0.172,0.001,0.005
0.832,0.185,0.005,0.005
0.382,0.226,0.003,0.005
0.486,0.193,0.007,0.005
0.951,0.181,0.004,0.005
0.819,0.159,0.011,0.005
2.437,0.379,0.095,0.005
0.558,0.343,0.007,0.005
1.164,0.271,0.034,0.005
0.92,0.26,0.004,0.005
0.57,0.149,0.015,0.005
0.301,0.14,0.002,0.005
0.94,0.173,0.011,0.005
0.84,0.175,0.002,0.005
1.922,0.267,0.015,0.005
0.375,0.184,0.003,0.005
0.659,0.148,0.005,0.005
0.816,0.174,0.003,0.005
0.868,0.184,0.001,0.005
1.797,0.174,0.018,0.004
1.24,0.241,0.005,0.004
0.777,0.187,0.004,0.004
1.182,0.183,0.002,0.004
1.151,0.181,0.001,0.004
1.701,0.251,0.011,0.004
0.815,0.205,0.005,0.004
0.599,0.179,0.002,0.004
1.346,0.196,0.006,0.004
1.071,0.211,0.002,0.004
1.702,0.208,0.012,0.004
2.095,0.259,0.007,0.004
1.067,0.228,0.003,0.004
1.289,0.197,0.008,0.004
0.871,0.198,0.002,0.004
1.086,0.219,0.002,0.004
0.861,0.193,0.004,0.004
1.244,0.247,0.005,0.004
0.893,0.229,0.003,0.004
0.859,0.17,0.011,0.004
0.504,0.177,0.002,0.004
0.588,0.168,0.004,0.004
0.455,0.145,0.002,0.004
0.325,0.129,0.003,0.004
0.229,0.127,0.002,0.004
0.201,0.111,0.001,0.004
0.365,0.129,0.002,0.004
0.379,0.128,0.002,0.004
0.568,0.161,0.004,0.004
0.595,0.158,0.012,0.004
2.165,0.296,0.011,0.004
0.486,0.217,0.005,0.004
0.631,0.189,0.007,0.004
0.807,0.174,0.01,0.004
0.359,0.148,0.002,0.004
0.645,0.168,0.001,0.004
0.599,0.17,0.003,0.004
0.64,0.155,0.002,0.004
0.633,0.158,0.004,0.004
1.18,0.195,0.01,0.004
0.91,0.194,0.003,0.004
0.449,0.141,0.004,0.004
0.582,0.15,0.007,0.004
0.683,0.161,0.002,0.004
0.555,0.143,0.004,0.004
0.838,0.162,0.006,0.004
0.945,0.169,0.004,0.004
0.29,0.134,0.001,0.004
0.493,0.143,0.003,0.004
0.311,0.132,0.001,0.004
0.522,0.144,0.001,0.004
1.267,0.21,0.018,0.004
1.221,0.204,0.003,0.004
0.824,0.195,0.003,0.004
0.827,0.2,0.003,0.004
2.319,0.269,0.017,0.004
0.544,0.199,0.004,0.004
0.501,0.147,0.001,0.004
0.734,0.156,0.001,0.004
0.779,0.157,0.005,0.004
0.801,0.17,0.002,0.004
0.663,0.148,0.008,0.004
0.759,0.18,0.003,0.004
0.932,0.179,0.011,0.004
0.862,0.176,0.002,0.004
0.802,0.164,0.003,0.004
0.537,0.178,0.002,0.004
1.005,0.192,0.003,0.004
0.993,0.167,0.007,0.004
0.578,0.175,0.002,0.004
0.481,0.13,0.012,0.004
0.576,0.148,0.002,0.004
0.671,0.162,0.001,0.004
0.999,0.168,0.008,0.004
1.283,0.21,0.002,0.004
0.68,0.19,0.002,0.004
0.732,0.175,0.009,0.004
0.71,0.173,0.002,0.004
0.616,0.154,0.002,0.004
1.338,0.186,0.024,0.004
0.877,0.213,0.004,0.004
0.857,0.176,0.002,0.004
0.444,0.148,0.003,0.004
0.221,0.108,0.001,0.004
0.206,0.103,0.006,0.004
1.968,0.226,0.024,0.004
0.723,0.218,0.003,0.004
1.548,0.216,0.012,0.004
1.254,0.23,0.003,0.004
1.25,0.205,0.004,0.004
1.05,0.199,0.002,0.004
0.972,0.173,0.013,0.004
1.586,0.21,0.008,0.004
0.846,0.193,0.002,0.004
1.043,0.216,0.003,0.004
1.193,0.197,0.013,0.004
0.986,0.202,0.002,0.004
0.442,0.158,0.001,0.004
0.672,0.165,0.001,0.004
0.615,0.152,0.009,0.004
0.617,0.151,0.004,0.004
1.013,0.179,0.016,0.004
0.611,0.186,0.003,0.004
0.824,0.167,0.006,0.004
0.738,0.175,0.002,0.004
1.86,0.212,0.04,0.004
2.134,0.503,0.05,0.004
0.922,0.378,0.013,0.004
0.917,0.185,0.003,0.004
1.045,0.174,0.006,0.004
0.647,0.171,0.002,0.004
1.044,0.178,0.013,0.004
1.382,0.206,0.007,0.004
0.806,0.18,0.002,0.004
1.249,0.184,0.008,0.004
0.558,0.16,0.001,0.004
1.105,0.169,0.012,0.004
0.718,0.159,0.004,0.004
0.741,0.167,0.001,0.004
1.194,0.192,0.011,0.004
0.727,0.185,0.003,0.004
0.888,0.181,0.001,0.004
0.729,0.16,0.001,0.004
0.708,0.18,0.002,0.004
0.82,0.182,0.001,0.004
2.351,0.288,0.039,0.004
1.114,0.294,0.006,0.004
1.158,0.214,0.019,0.004
1.193,0.209,0.002,0.004
2.231,0.432,0.071,0.004
1.318,0.386,0.005,0.004
0.76,0.17,0.01,0.004
1.279,0.193,0.005,0.004
0.438,0.157,0.002,0.004
0.459,0.13,0.009,0.004
0.523,0.161,0.002,0.004
1.048,0.169,0.003,0.004
0.695,0.173,0.002,0.004
0.779,0.159,0.011,0.004
0.503,0.148,0.002,0.003
0.923,0.177,0.003,0.003
0.616,0.163,0.001,0.003
0.302,0.134,0.001,0.003
0.5,0.132,0.009,0.003
1.004,0.198,0.003,0.003
1.553,0.203,0.011,0.003
0.806,0.194,0.003,0.003
1.442,0.217,0.004,0.003
4.083,0.364,0.058,0.003
1.717,0.383,0.008,0.004
1.338,0.26,0.005,0.004
1.477,0.238,0.004,0.004
1.404,0.234,0.002,0.004
0.937,0.182,0.005,0.004
0.956,0.202,0.002,0.004
1.965,0.249,0.009,0.004
1.719,0.239,0.005,0.004
1.358,0.229,0.002,0.004
0.763,0.231,0.002,0.004
1.395,0.229,0.006,0.004
1.221,0.221,0.001,0.004
0.874,0.184,0.001,0.004
0.887,0.177,0.004,0.004
0.509,0.167,0.001,0.004
0.684,0.169,0.007,0.004
0.868,0.193,0.002,0.004
0.919,0.177,0.005,0.003
0.502,0.156,0.001,0.003
0.855,0.175,0.001,0.003
0.871,0.184,0.001,0.003
0.364,0.156,0.001,0.003
1.182,0.192,0.004,0.003
1.184,0.19,0.005,0.003
0.71,0.174,0.001,0.003
1.13,0.185,0.008,0.003
0.746,0.173,0.003,0.003
0.582,0.181,0.002,0.003
1.143,0.196,0.009,0.003
0.628,0.183,0.002,0.003
0.549,0.171,0.001,0.003
0.457,0.139,0.008,0.003
0.993,0.196,0.002,0.003
0.644,0.172,0.001,0.003
0.693,0.167,0.001,0.003
0.669,0.165,0.001,0.003
0.635,0.168,0.001,0.003
0.802,0.186,0.001,0.003
0.535,0.164,0.003,0.003
0.309,0.124,0.003,0.003
0.42,0.142,0.001,0.003
0.45,0.142,0.003,0.003
0.515,0.151,0.001,0.003
0.639,0.157,0.001,0.003
0.56,0.159,0.004,0.003
0.584,0.161,0.001,0.003
0.772,0.191,0.002,0.003
0.383,0.153,0.002,0.003
0.601,0.156,0.003,0.003
0.881,0.186,0.005,0.003
0.852,0.18,0.004,0.003
1.108,0.204,0.003,0.003
0.506,0.158,0.003,0.003
0.16,0.116,0.001,0.003
0.142,0.105,0.001,0.003
0.462,0.139,0.001,0.003
0.552,0.152,0.001,0.003
0.333,0.147,0.001,0.003
0.598,0.204,0.002,0.003
0.68,0.192,0.003,0.003
0.74,0.158,0.004,0.003
0.535,0.152,0.002,0.003
0.493,0.175,0.008,0.003
3.813,0.441,0.016,0.003
0.616,0.318,0.008,0.003
0.648,0.277,0.011,0.003
0.508,0.15,0.001,0.003
0.956,0.177,0.004,0.003
2.202,0.259,0.029,0.003
1.255,0.253,0.005,0.003
5.777,0.624,0.098,0.003
0.946,0.502,0.012,0.004
0.599,0.276,0.021,0.003
0.844,0.183,0.01,0.003
0.683,0.181,0.002,0.003
1.024,0.187,0.013,0.003
1.049,0.226,0.002,0.003
1.127,0.252,0.006,0.003
0.622,0.216,0.003,0.003
0.435,0.145,0.001,0.003
3.236,0.3,0.041,0.003
0.459,0.219,0.007,0.003
2.517,0.297,0.002,0.003
1.007,0.243,0.005,0.003
1.714,0.514,0.01,0.004
1.457,0.462,0.01,0.004
2.402,0.646,0.014,0.004
1.327,0.564,0.014,0.004
0.684,0.197,0.005,0.004
1.211,0.205,0.004,0.004
0.793,0.186,0.001,0.004
1.166,0.234,0.005,0.004
14.625,0.956,0.204,0.004
1.323,0.804,0.023,0.004
0.551,0.468,0.039,0.004
0.686,0.195,0.001,0.004
1.224,0.235,0.018,0.004
0.719,0.205,0.003,0.004
5.552,0.536,0.134,0.004
4.719,0.658,0.013,0.004
0.408,0.308,0.026,0.004
0.597,0.183,0.002,0.004
0.763,0.169,0.001,0.004
0.443,0.146,0.003,0.004
0.892,0.166,0.004,0.004
0.872,0.182,0.001,0.004
0.529,0.144,0.006,0.004
0.955,0.176,0.005,0.004
0.967,0.179,0.004,0.004
0.77,0.176,0.003,0.004
0.791,0.169,0.002,0.004
1.16,0.191,0.007,0.004
0.688,0.173,0.001,0.004
0.469,0.139,0.005,0.004
0.293,0.128,0.001,0.004
0.415,0.129,0.002,0.004
0.765,0.168,0.002,0.004
0.488,0.155,0.001,0.004
0.512,0.145,0.002,0.004
2.346,0.272,0.044,0.004
0.592,0.245,0.006,0.004
0.805,0.169,0.009,0.004
0.758,0.17,0.001,0.004
1.563,0.262,0.048,0.004
0.483,0.239,0.005,0.004
0.485,0.139,0.003,0.004
0.802,0.153,0.007,0.004
2.506,0.3,0.073,0.004
1.134,0.356,0.01,0.004
1.515,0.298,0.021,0.004
1.214,0.278,0.003,0.004
0.83,0.173,0.004,0.004
0.397,0.139,0.001,0.004
0.547,0.164,0.001,0.004
0.518,0.16,0.001,0.004
0.537,0.148,0.001,0.004
0.695,0.159,0.002,0.004
0.719,0.163,0.001,0.004
0.743,0.166,0.002,0.004
1.026,0.178,0.005,0.004
0.842,0.173,0.002,0.004
0.887,0.177,0.001,0.004
1.215,0.186,0.001,0.004
0.627,0.175,0.002,0.004
1.737,0.251,0.003,0.004
0.693,0.201,0.003,0.004
2.126,0.283,0.005,0.004
1.014,0.231,0.004,0.004
0.725,0.172,0.001,0.004
1.003,0.191,0.009,0.004
1.238,0.195,0.007,0.004
1.041,0.199,0.007,0.004
1.906,0.242,0.012,0.004
1.489,0.249,0.003,0.004
0.899,0.183,0.003,0.004
1.217,0.186,0.001,0.004
1.153,0.185,0.011,0.004
0.391,0.172,0.001,0.004
0.449,0.136,0.012,0.004
0.361,0.136,0.002,0.004
0.802,0.183,0.006,0.004
0.325,0.144,0.002,0.004
0.794,0.155,0.005,0.004
0.405,0.142,0.001,0.004
0.484,0.16,0.001,0.004
1.083,0.178,0.038,0.004
3.544,0.528,0.024,0.004
1.783,0.5,0.008,0.004
0.396,0.251,0.023,0.004
0.97,0.181,0.013,0.004
0.638,0.187,0.002,0.004
0.557,0.163,0.001,0.004
0.873,0.172,0.005,0.004
0.316,0.14,0.001,0.004
0.438,0.139,0.003,0.004
0.155,0.125,0.001,0.004
0.301,0.124,0.008,0.004
0.687,0.158,0.004,0.004
0.641,0.147,0.011,0.004
0.617,0.193,0.004,0.004
0.581,0.154,0.006,0.004
0.718,0.171,0.001,0.004
0.415,0.145,0.001,0.004
0.226,0.126,0.001,0.004
0.695,0.163,0.002,0.004
0.28,0.127,0.004,0.004
0.868,0.166,0.012,0.004
0.964,0.194,0.002,0.004
0.716,0.198,0.001,0.004
0.901,0.19,0.002,0.004
0.923,0.208,0.002,0.004
0.711,0.181,0.004,0.004
0.562,0.151,0.001,0.004
1.615,0.259,0.017,0.004
0.603,0.204,0.005,0.004
0.726,0.161,0.006,0.004
0.697,0.175,0.002,0.004
0.579,0.166,0.001,0.004
0.753,0.163,0.002,0.004
0.551,0.155,0.001,0.004
0.317,0.132,0.001,0.004
0.724,0.163,0.002,0.004
0.851,0.168,0.003,0.004
0.867,0.169,0.004,0.004
0.641,0.158,0.002,0.004
0.467,0.141,0.001,0.004
0.848,0.158,0.008,0.004
0.505,0.148,0.001,0.004
0.289,0.136,0.001,0.004
0.6,0.16,0.001,0.004
0.572,0.152,0.002,0.004
0.732,0.165,0.002,0.004
0.807,0.166,0.001,0.004
0.327,0.139,0.001,0.004
0.405,0.144,0.001,0.004
0.53,0.162,0.002,0.004
0.621,0.156,0.001,0.004
1.025,0.182,0.002,0.004
0.66,0.166,0.001,0.004
0.778,0.18,0.001,0.004
0.456,0.139,0.014,0.004
0.594,0.154,0.003,0.004
1.277,0.185,0.007,0.004
0.56,0.167,0.002,0.004
0.613,0.145,0.011,0.004
2.327,0.252,0.011,0.004
0.719,0.203,0.004,0.004
1.053,0.223,0.002,0.004
0.701,0.183,0.004,0.004
1.377,0.209,0.005,0.004
0.871,0.185,0.002,0.004
1.287,0.199,0.015,0.004
0.623,0.301,0.007,0.004
0.44,0.231,0.014,0.004
0.169,0.118,0.001,0.004
1.874,0.277,0.012,0.004
0.335,0.189,0.004,0.004
0.495,0.142,0.006,0.004
0.867,0.179,0.002,0.004
1.099,0.363,0.005,0.004
0.446,0.274,0.007,0.004
0.619,0.17,0.001,0.004
1.085,0.178,0.003,0.004
0.738,0.171,0.001,0.004
0.652,0.164,0.002,0.004
0.695,0.169,0.001,0.004
3.68,0.328,0.054,0.004
0.485,0.259,0.006,0.004
0.506,0.182,0.013,0.004
0.761,0.167,0.001,0.004
0.527,0.167,0.001,0.004
0.486,0.147,0.002,0.004
0.451,0.166,0.001,0.004
0.37,0.133,0.011,0.004
1.2,0.191,0.009,0.004
0.718,0.178,0.002,0.004
0.712,0.17,0.002,0.004
1.089,0.186,0.009,0.004
0.601,0.174,0.002,0.004
0.73,0.161,0.003,0.004
0.507,0.152,0.001,0.004
1.057,0.191,0.005,0.004
3.796,0.362,0.087,0.004
2.708,0.524,0.009,0.004
1.508,0.404,0.013,0.004
3.079,0.39,0.033,0.004
1.261,0.342,0.01,0.004
0.506,0.165,0.006,0.004
0.523,0.158,0.001,0.004
2.189,0.321,0.027,0.004
1.091,0.303,0.006,0.004
0.651,0.162,0.009,0.004
0.477,0.161,0.002,0.004
0.714,0.17,0.007,0.004
1.473,0.205,0.01,0.004
0.549,0.179,0.002,0.004
0.735,0.169,0.002,0.004
0.316,0.149,0.001,0.004
1.099,0.183,0.009,0.004
0.835,0.182,0.001,0.004
1.558,0.224,0.014,0.004
0.708,0.187,0.003,0.004
0.998,0.172,0.017,0.004
1.341,0.217,0.004,0.004
0.989,0.201,0.002,0.004
1.113,0.214,0.002,0.004
2.1,0.272,0.003,0.004
1.426,0.245,0.004,0.004
1.219,0.2,0.001,0.004
0.791,0.197,0.002,0.004
1.4,0.205,0.012,0.004
0.796,0.201,0.002,0.003
1.136,0.207,0.002,0.003
1.028,0.18,0.004,0.003
1.174,0.197,0.006,0.003
0.534,0.177,0.002,0.003
1.149,0.2,0.001,0.003
1.141,0.192,0.008,0.003
1.197,0.219,0.002,0.003
1.374,0.203,0.003,0.003
0.599,0.182,0.001,0.003
0.873,0.191,0.001,0.003
3.387,0.359,0.057,0.003
3.947,0.479,0.02,0.004
2.041,0.468,0.004,0.004
1.886,0.398,0.012,0.004
1.131,0.324,0.004,0.004
0.641,0.257,0.002,0.004
0.388,0.197,0.01,0.004
0.757,0.188,0.002,0.003
0.941,0.187,0.002,0.003
0.724,0.168,0.001,0.003
0.886,0.18,0.007,0.003
0.563,0.16,0.001,0.003
0.932,0.179,0.006,0.003
0.329,0.141,0.002,0.003
1.378,0.201,0.019,0.003
0.459,0.178,0.003,0.003
0.901,0.182,0.014,0.003
0.719,0.2,0.002,0.003
0.499,0.173,0.003,0.003
0.336,0.126,0.001,0.003
0.483,0.207,0.003,0.003
0.705,0.194,0.004,0.003
0.582,0.164,0.005,0.003
0.797,0.167,0.006,0.003
0.81,0.173,0.009,0.003
0.656,0.181,0.002,0.003
0.767,0.156,0.006,0.003
0.904,0.173,0.004,0.003
0.529,0.153,0.002,0.003
0.623,0.147,0.008,0.003
0.584,0.153,0.002,0.003
1.067,0.193,0.005,0.003
0.718,0.18,0.001,0.003
0.318,0.16,0.001,0.003
0.633,0.18,0.001,0.003
0.919,0.186,0.004,0.003
0.659,0.172,0.002,0.003
0.727,0.196,0.002,0.003
0.529,0.165,0.005,0.003
0.551,0.198,0.001,0.003
0.808,0.176,0.003,0.003
0.512,0.153,0.001,0.003
0.753,0.167,0.001,0.003
0.448,0.152,0.001,0.003
1.457,0.21,0.016,0.003
0.65,0.185,0.003,0.003
0.429,0.141,0.011,0.003
0.792,0.172,0.004,0.003
0.468,0.151,0.001,0.003
0.496,0.156,0.001,0.003
0.362,0.127,0.009,0.003
0.715,0.161,0.006,0.003
0.341,0.141,0.001,0.003
0.422,0.128,0.007,0.003
0.651,0.153,0.005,0.003
1.123,0.227,0.021,0.003
0.57,0.188,0.003,0.003
1.033,0.179,0.007,0.003
0.286,0.138,0.002,0.003
0.306,0.121,0.001,0.003
0.742,0.154,0.008,0.003
0.725,0.291,0.006,0.003
1.262,0.284,0.02,0.003
0.9,0.296,0.005,0.003
0.513,0.199,0.009,0.003
0.771,0.162,0.009,0.003
0.539,0.161,0.001,0.003
1.503,0.21,0.008,0.003
0.732,0.185,0.002,0.003
1.897,0.24,0.01,0.003
0.706,0.214,0.002,0.003
0.792,0.181,0.012,0.003
3.301,0.441,0.068,0.003
1.23,0.362,0.014,0.003
0.572,0.17,0.004,0.003
1.058,0.186,0.005,0.003
0.399,0.155,0.002,0.003
1.254,0.189,0.014,0.003
0.505,0.184,0.002,0.003
0.634,0.161,0.001,0.003
2.604,0.284,0.075,0.003
5.118,0.868,0.049,0.003
1.987,0.748,0.014,0.003
2.076,0.326,0.023,0.003
1.052,0.292,0.003,0.003
0.924,0.209,0.013,0.003
0.896,0.202,0.001,0.003
0.567,0.186,0.001,0.003
0.888,0.205,0.002,0.003
0.628,0.181,0.002,0.003
1.001,0.247,0.003,0.003
0.506,0.191,0.007,0.003
0.483,0.141,0.004,0.003
1.951,0.377,0.008,0.003
0.55,0.275,0.008,0.003
0.775,0.165,0.01,0.003
0.757,0.163,0.004,0.003
0.862,0.195,0.002,0.003
0.503,0.148,0.005,0.003
1.037,0.191,0.004,0.003
0.685,0.166,0.001,0.003
0.818,0.164,0.01,0.003
0.69,0.165,0.001,0.003
0.756,0.158,0.011,0.003
0.827,0.172,0.002,0.003
0.548,0.166,0.001,0.003
0.743,0.184,0.001,0.003
0.68,0.266,0.003,0.003
0.601,0.228,0.004,0.003
0.673,0.161,0.002,0.003
1.776,0.394,0.023,0.003
0.408,0.301,0.007,0.003
0.269,0.125,0.006,0.003
0.35,0.133,0.002,0.003
0.947,0.181,0.008,0.003
0.534,0.169,0.002,0.003
0.798,0.164,0.005,0.003
0.999,0.215,0.002,0.003
0.746,0.178,0.003,0.003
0.942,0.177,0.01,0.003
0.782,0.166,0.008,0.003
0.895,0.193,0.007,0.003
1.23,0.215,0.008,0.003
0.439,0.178,0.003,0.003
0.422,0.135,0.004,0.003
1.488,0.198,0.007,0.003
0.561,0.159,0.003,0.003
2.484,0.271,0.009,0.003
1.325,0.231,0.004,0.003
0.887,0.167,0.007,0.003
0.908,0.211,0.002,0.003
1.731,0.22,0.006,0.003
2.488,0.282,0.019,0.003
1.549,0.259,0.004,0.003
1.346,0.211,0.018,0.003
0.781,0.199,0.002,0.003
0.989,0.218,0.003,0.003
2.208,0.253,0.013,0.003
1.248,0.227,0.003,0.003
0.746,0.172,0.001,0.003
0.627,0.17,0.001,0.003
0.58,0.184,0.002,0.003
0.626,0.164,0.01,0.003
0.391,0.151,0.001,0.003
0.663,0.17,0.001,0.003
1.055,0.19,0.03,0.003
13.939,1.294,0.046,0.003
1.124,0.742,0.026,0.004
0.798,0.253,0.026,0.003
0.467,0.165,0.001,0.003
0.924,0.189,0.005,0.003
0.554,0.188,0.001,0.003
1.021,0.194,0.005,0.003
0.626,0.175,0.001,0.003
0.671,0.181,0.001,0.003
0.902,0.194,0.009,0.003
0.596,0.184,0.001,0.003
1.011,0.178,0.016,0.003
0.865,0.195,0.003,0.003
1.006,0.198,0.007,0.003
0.394,0.164,0.002,0.003
0.501,0.164,0.001,0.003
0.935,0.188,0.003,0.003
0.505,0.168,0.001,0.003
0.494,0.148,0.002,0.003
0.694,0.162,0.011,0.003
1.188,0.205,0.004,0.003
0.214,0.142,0.002,0.003
0.765,0.182,0.003,0.003
0.983,0.201,0.007,0.003
1.303,0.202,0.003,0.003
0.486,0.161,0.001,0.003
0.268,0.141,0.001,0.003
0.146,0.102,0.004,0.003
0.5,0.143,0.006,0.003
0.399,0.138,0.001,0.003
0.681,0.181,0.003,0.003
0.989,0.18,0.004,0.003
0.413,0.158,0.001,0.003
0.905,0.185,0.011,0.003
0.415,0.163,0.002,0.003
0.798,0.181,0.003,0.003
0.332,0.152,0.002,0.003
0.603,0.165,0.001,0.003
0.194,0.109,0.008,0.003
0.471,0.19,0.004,0.003
1.334,0.227,0.004,0.003
0.282,0.157,0.003,0.003
0.718,0.217,0.002,0.003
1.037,0.242,0.003,0.003
0.888,0.237,0.001,0.003
1.172,0.297,0.004,0.003
0.887,0.24,0.005,0.003
0.794,0.179,0.004,0.003
0.665,0.175,0.001,0.003
0.849,0.193,0.013,0.003
0.3,0.153,0.002,0.003
0.787,0.165,0.006,0.003
0.501,0.149,0.002,0.003
0.737,0.165,0.002,0.003
0.85,0.171,0.005,0.003
0.532,0.152,0.005,0.003
0.405,0.156,0.001,0.003
0.523,0.157,0.002,0.003
0.729,0.18,0.001,0.003
1.55,0.246,0.019,0.003
2.186,0.339,0.017,0.003
2.584,0.422,0.009,0.003
2.739,0.427,0.002,0.003
3.293,0.488,0.01,0.003
3.119,0.55,0.012,0.003
2.536,0.529,0.004,0.003
3.292,0.518,0.003,0.003
4.299,0.565,0.031,0.003
4.118,0.634,0.002,0.003
3.512,0.605,0.005,0.003
5.936,0.756,0.089,0.004
3.78,0.906,0.005,0.004
1.062,0.478,0.039,0.004
1.278,0.258,0.002,0.003
0.733,0.199,0.005,0.003
1.794,0.255,0.01,0.003
0.977,0.228,0.002,0.003
1.172,0.205,0.019,0.003
0.964,0.2,0.002,0.003
0.734,0.185,0.002,0.003
0.669,0.163,0.001,0.003
0.81,0.164,0.006,0.003
0.815,0.168,0.002,0.003
0.802,0.169,0.005,0.003
1.04,0.212,0.004,0.003
1.623,0.216,0.034,0.003
0.279,0.215,0.004,0.003
0.157,0.152,0.008,0.003
0.527,0.15,0.001,0.003
0.461,0.146,0.003,0.003
1.371,0.221,0.019,0.003
0.808,0.21,0.003,0.003
0.665,0.163,0.003,0.003
0.432,0.152,0.001,0.003
0.636,0.159,0.001,0.003
0.668,0.171,0.004,0.003
0.622,0.158,0.002,0.003
0.679,0.164,0.001,0.003
0.429,0.174,0.001,0.003
0.555,0.166,0.001,0.003
1.538,0.222,0.023,0.003
0.698,0.215,0.004,0.003
0.946,0.186,0.004,0.003
1.327,0.209,0.025,0.003
0.651,0.245,0.003,0.003
0.719,0.188,0.007,0.003
0.802,0.181,0.001,0.003
1.953,0.247,0.031,0.003
0.381,0.214,0.004,0.003
0.838,0.203,0.004,0.003
0.472,0.156,0.002,0.003
0.688,0.163,0.004,0.003
0.44,0.152,0.001,0.003
0.551,0.149,0.003,0.003
1.333,0.208,0.036,0.003
0.88,0.29,0.007,0.003
3.189,0.338,0.073,0.003
0.672,0.453,0.01,0.003
0.692,0.373,0.011,0.003
0.668,0.188,0.002,0.003
0.992,0.185,0.015,0.003
0.822,0.208,0.003,0.003
0.554,0.161,0.009,0.003
0.403,0.155,0.001,0.003
0.621,0.171,0.001,0.003
1.854,0.224,0.019,0.003
1.842,0.245,0.004,0.003
0.974,0.212,0.003,0.003
0.879,0.183,0.005,0.003
2.555,0.368,0.012,0.003
1.152,0.319,0.005,0.003
1.288,0.2,0.026,0.003
1.317,0.247,0.004,0.003
0.329,0.179,0.003,0.003
0.7,0.218,0.002,0.003
1.573,0.226,0.007,0.003
0.966,0.215,0.001,0.003
1.415,0.218,0.004,0.003
0.649,0.195,0.002,0.003
0.937,0.176,0.005,0.003
0.418,0.158,0.001,0.003
0.674,0.185,0.002,0.003
0.455,0.168,0.003,0.003
0.524,0.18,0.001,0.003
0.882,0.185,0.001,0.003
0.434,0.164,0.001,0.003
0.216,0.137,0.002,0.003
0.175,0.118,0.001,0.003
0.455,0.16,0.001,0.003
1.005,0.184,0.005,0.003
0.921,0.18,0.001,0.003
0.974,0.203,0.012,0.003
0.927,0.203,0.002,0.003
0.474,0.155,0.001,0.003
0.736,0.17,0.003,0.003
0.592,0.174,0.002,0.003
0.862,0.175,0.004,0.003
0.383,0.145,0.001,0.003
0.77,0.175,0.002,0.003
0.764,0.174,0.004,0.003
0.993,0.188,0.004,0.003
0.554,0.172,0.001,0.003
0.896,0.182,0.001,0.003
0.745,0.166,0.006,0.003
1.734,0.21,0.015,0.003
0.499,0.188,0.003,0.003
0.661,0.169,0.002,0.003
0.818,0.179,0.001,0.003
0.561,0.162,0.001,0.003
0.317,0.133,0.001,0.003
0.636,0.174,0.001,0.003
0.978,0.187,0.004,0.003
0.538,0.173,0.002,0.003
0.804,0.176,0.003,0.003
0.455,0.155,0.002,0.003
0.662,0.197,0.001,0.003
0.447,0.146,0.007,0.003
0.484,0.153,0.006,0.003
1.055,0.204,0.006,0.003
0.67,0.188,0.001,0.003
0.69,0.158,0.004,0.003
0.678,0.182,0.001,0.003
0.966,0.197,0.002,0.003
0.87,0.183,0.001,0.003
0.559,0.155,0.003,0.003
1.189,0.194,0.01,0.003
0.689,0.195,0.002,0.003
0.789,0.164,0.006,0.003
0.576,0.157,0.002,0.003
0.542,0.156,0.002,0.003
0.571,0.178,0.001,0.003
0.503,0.172,0.001,0.003
0.227,0.122,0.005,0.003
0.667,0.154,0.002,0.003
1.229,0.195,0.009,0.003
0.458,0.169,0.002,0.003
0.835,0.171,0.007,0.003
0.333,0.219,0.003,0.003
1.395,0.257,0.007,0.003
0.348,0.127,0.002,0.003
0.666,0.194,0.003,0.003
0.569,0.167,0.004,0.003
0.816,0.183,0.002,0.003
0.851,0.184,0.001,0.003
0.464,0.159,0.001,0.003
0.145,0.115,0.004,0.003
0.274,0.132,0.001,0.003
0.305,0.124,0.003,0.003
0.788,0.163,0.005,0.003
0.595,0.156,0.006,0.003
1.05,0.245,0.005,0.003
0.951,0.227,0.004,0.003
1.449,0.235,0.002,0.003
0.743,0.191,0.003,0.003
0.85,0.183,0.001,0.003
0.905,0.318,0.006,0.002
3.303,0.457,0.012,0.002
1.105,0.352,0.005,0.002
1.12,0.207,0.002,0.002
0.85,0.217,0.002,0.002
0.944,0.183,0.002,0.002
0.553,0.171,0.001,0.002
1.275,0.305,0.004,0.002
1.526,0.309,0.008,0.002
0.992,0.295,0.003,0.002
0.535,0.243,0.006,0.002
1.027,0.199,0.005,0.002
0.786,0.187,0.002,0.002
1.622,0.228,0.017,0.002
0.812,0.211,0.003,0.002
0,0,0,0
0.385,0.155,0.001,0.002
0.712,0.16,0.006,0.002
1.298,0.205,0.02,0.002
0.861,0.219,0.003,0.002
1.119,0.191,0.009,0.002
1.01,0.191,0.002,0.002
0.728,0.177,0.001,0.002
6.071,0.574,0.166,0.002
0.84,0.623,0.026,0.002
1.09,0.62,0.024,0.002
0.658,0.169,0.002,0.002
0.422,0.149,0.002,0.002
1.271,0.231,0.002,0.002
0.776,0.195,0.003,0.002
0.471,0.146,0.005,0.002
2.18,0.338,0.048,0.002
0.691,0.296,0.008,0.002
1.426,0.247,0.026,0.002
1.653,0.261,0.003,0.002
1.01,0.232,0.002,0.002
0.757,0.23,0.002,0.002
1.473,0.282,0.027,0.002
2.032,0.304,0.007,0.002
0.507,0.23,0.003,0.002
0.91,0.176,0.012,0.002
1.181,0.264,0.007,0.002
0.923,0.24,0.006,0.002
2.931,0.243,0.03,0.008
0.835,0.283,0.01,0.008
1.049,0.263,0.008,0.008
1.386,0.185,0.007,0.008
0.868,0.178,0.003,0.008
0.505,0.144,0.001,0.008
0.333,0.127,0.001,0.008
0.815,0.166,0.003,0.008
0.561,0.181,0.002,0.008
0.377,0.129,0.005,0.008
0.322,0.11,0.001,0.008
0.258,0.097,0.002,0.008
0.471,0.112,0.005,0.008
0.565,0.133,0.001,0.008
0.27,0.105,0.001,0.008
0.641,0.146,0.003,0.008
0.476,0.136,0.002,0.008
1.077,0.164,0.005,0.008
1.014,0.177,0.002,0.008
1.479,0.267,0.003,0.008
0.664,0.189,0.005,0.008
0.522,0.123,0.007,0.008
1.018,0.181,0.006,0.008
0.722,0.154,0.001,0.008
0.678,0.148,0.001,0.008
0.824,0.144,0.004,0.008
0.995,0.175,0.002,0.008
0.904,0.167,0.002,0.008
0.71,0.154,0.001,0.008
0.795,0.161,0.001,0.008
0.741,0.147,0.001,0.008
0.894,0.151,0.002,0.008
0.237,0.128,0.001,0.008
0.538,0.131,0.001,0.008
0.349,0.133,0.001,0.008
0.447,0.123,0.003,0.008
0.61,0.139,0.002,0.008
0.591,0.141,0.001,0.007
0.576,0.142,0.002,0.007
0.66,0.135,0.004,0.007
0.804,0.152,0.002,0.007
1.355,0.193,0.002,0.007
1.496,0.224,0.002,0.007
1.554,0.215,0.002,0.007
1.399,0.2,0.003,0.007
1.203,0.187,0.001,0.008
0.921,0.176,0.001,0.008
1.069,0.177,0.001,0.008
1.446,0.212,0.001,0.008
8.334,1.092,0.058,0.008
3.045,0.938,0.022,0.008
0.937,0.34,0.034,0.008
0.389,0.15,0.002,0.008
0.915,0.161,0.001,0.008
0.952,0.176,0.001,0.008
0.939,0.182,0.004,0.008
0.571,0.154,0.002,0.008
0.503,0.131,0.001,0.008
0.757,0.154,0.001,0.008
0.728,0.155,0.001,0.008
0.668,0.136,0.005,0.008
0.703,0.147,0.005,0.008
0.909,0.181,0.002,0.007
1.086,0.174,0.004,0.007
0.506,0.145,0.001,0.007
1.405,0.187,0.012,0.007
0.945,0.213,0.003,0.007
1.016,0.173,0.004,0.007
0.745,0.165,0.002,0.007
0.431,0.124,0.001,0.007
0.403,0.117,0.002,0.007
0.162,0.095,0.001,0.007
0.982,0.166,0.002,0.007
0.512,0.157,0.001,0.007
1.089,0.189,0.002,0.007
0.818,0.182,0.002,0.007
0.527,0.15,0.001,0.007
0.842,0.156,0.002,0.007
0.586,0.138,0.001,0.007
0.646,0.154,0.001,0.007
0.673,0.144,0.003,0.007
0.56,0.148,0.001,0.007
1.527,0.188,0.013,0.007
0.998,0.191,0.002,0.007
1.206,0.185,0.002,0.007
0.688,0.148,0.003,0.006
0.816,0.163,0.001,0.006
0.719,0.192,0.003,0.006
0.61,0.17,0.003,0.006
0.758,0.156,0.001,0.006
0.741,0.15,0.006,0.006
0.868,0.165,0.004,0.006
1.377,0.183,0.013,0.006
15.168,1.408,0.151,0.007
1.477,1.147,0.022,0.007
0.855,0.947,0.031,0.007
0.801,0.157,0.006,0.007
1.463,0.252,0.003,0.007
0.861,0.198,0.004,0.007
1.363,0.198,0.001,0.007
0.918,0.193,0.001,0.007
0.728,0.155,0.002,0.007
2.44,0.255,0.063,0.007
1.315,0.393,0.014,0.007
0.948,0.267,0.012,0.007
0.65,0.169,0.001,0.007
0.8,0.185,0.001,0.007
1.164,0.201,0.001,0.007
0.87,0.186,0.001,0.007
0.681,0.162,0.001,0.007
0.642,0.168,0.001,0.007
3.814,0.349,0.075,0.007
3.9,0.932,0.029,0.007
1.257,0.635,0.018,0.007
0.895,0.217,0.002,0.007
0.709,0.188,0.004,0.007
1.001,0.176,0.005,0.007
1.334,0.215,0.015,0.007
0.713,0.208,0.003,0.007
0.491,0.133,0.01,0.007
0.831,0.169,0.006,0.007
0.852,0.173,0.01,0.007
1.115,0.228,0.003,0.007
0.965,0.177,0.005,0.007
0.712,0.174,0.001,0.007
0.774,0.204,0.002,0.007
0.676,0.164,0.003,0.007
0.475,0.147,0.001,0.007
1.089,0.174,0.008,0.007
0.385,0.141,0.002,0.007
0.325,0.133,0.001,0.007
0.698,0.165,0.001,0.007
0.698,0.154,0.002,0.007
0.599,0.165,0.001,0.007
1.113,0.194,0.003,0.007
0.843,0.165,0.003,0.006
0.857,0.175,0.002,0.006
0.929,0.161,0.001,0.006
1.915,0.339,0.007,0.006
0.879,0.282,0.005,0.006
1.461,0.183,0.018,0.006
0.987,0.274,0.005,0.006
0.63,0.209,0.007,0.006
0.867,0.168,0.001,0.006
2.932,0.485,0.064,0.006
0.883,0.401,0.008,0.006
0.724,0.175,0.006,0.006
0.747,0.192,0.001,0.006
0.886,0.185,0.002,0.006
0.949,0.173,0.001,0.006
1.224,0.18,0.006,0.006
0.739,0.176,0.002,0.006
1.202,0.324,0.005,0.006
1.403,0.312,0.004,0.006
1.576,0.3,0.004,0.006
1.502,0.256,0.003,0.006
1.154,0.195,0.002,0.006
0.606,0.161,0.001,0.006
0.881,0.169,0.001,0.006
1.034,0.204,0.002,0.006
1.272,0.193,0.006,0.006
1.011,0.189,0.001,0.006
0.617,0.157,0.004,0.006
0.911,0.188,0.002,0.006
0.887,0.205,0.002,0.006
0.83,0.181,0.005,0.006
0.728,0.172,0.001,0.006
0.372,0.137,0.001,0.006
1.132,0.181,0.003,0.006
0.825,0.181,0.001,0.006
0.997,0.181,0.003,0.006
0.89,0.18,0.001,0.006
0.893,0.169,0.001,0.006
1.185,0.197,0.01,0.006
0.927,0.193,0.003,0.006
0.973,0.187,0.001,0.006
1.037,0.179,0.013,0.006
0.937,0.183,0.005,0.006
0.793,0.185,0.002,0.006
0.445,0.137,0.003,0.006
0.661,0.174,0.001,0.006
1.572,0.205,0.009,0.006
0.783,0.189,0.002,0.006
0.595,0.165,0.001,0.006
0.5,0.142,0.003,0.006
0.725,0.151,0.002,0.006
0.621,0.155,0.004,0.006
0.546,0.148,0.002,0.006
0.844,0.182,0.002,0.006
0.794,0.18,0.001,0.006
0.391,0.149,0.002,0.006
0.195,0.113,0.001,0.006
0.432,0.142,0.001,0.006
0.494,0.14,0.002,0.006
1.149,0.185,0.008,0.006
0.723,0.174,0.002,0.006
1.095,0.187,0.009,0.006
0.727,0.189,0.002,0.006
0.798,0.161,0.006,0.006
0.958,0.172,0.002,0.006
0.57,0.162,0.001,0.006
0.788,0.159,0.004,0.006
0.423,0.135,0.002,0.006
0.824,0.172,0.001,0.006
0.727,0.167,0.003,0.006
0.872,0.174,0.002,0.006
0.996,0.203,0.013,0.006
1.009,0.204,0.003,0.006
0.716,0.184,0.001,0.006
1.018,0.203,0.001,0.006
1.071,0.19,0.001,0.006
1.379,0.194,0.005,0.006
0.634,0.176,0.002,0.006
0.667,0.164,0.001,0.006
0.896,0.166,0.009,0.006
0.571,0.151,0.002,0.006
0.779,0.16,0.002,0.006
0.552,0.145,0.001,0.006
0.872,0.163,0.006,0.006
0.694,0.158,0.002,0.006
0.916,0.173,0.002,0.006
0.521,0.152,0.002,0.006
0.879,0.162,0.004,0.006
0.683,0.167,0.002,0.006
0.546,0.14,0.008,0.006
0.763,0.155,0.002,0.006
0.818,0.155,0.003,0.005
0.66,0.146,0.002,0.005
0.798,0.159,0.005,0.005
2.117,0.236,0.022,0.005
0.808,0.224,0.003,0.005
1.464,0.212,0.003,0.005
1.138,0.206,0.005,0.005
1.252,0.208,0.003,0.005
0.645,0.177,0.002,0.005
0.506,0.133,0.005,0.005
1.008,0.178,0.002,0.005
0.707,0.167,0.001,0.005
1.002,0.165,0.004,0.005
0.589,0.165,0.002,0.005
0.927,0.171,0.003,0.005
2.847,0.27,0.025,0.005
0.915,0.243,0.005,0.005
1.261,0.181,0.005,0.005
1.323,0.207,0.011,0.005
0.932,0.198,0.003,0.005
1.129,0.184,0.008,0.005
0.956,0.172,0.003,0.005
2.147,0.246,0.029,0.005
0.54,0.31,0.006,0.005
0.75,0.26,0.01,0.005
0.971,0.198,0.002,0.005
0.626,0.179,0.001,0.005
0.58,0.179,0.001,0.005
1.424,0.199,0.006,0.005
1.116,0.2,0.001,0.005
0.824,0.172,0.002,0.005
0.49,0.151,0.002,0.005
0.796,0.154,0.006,0.005
1.041,0.187,0.003,0.005
0.552,0.173,0.002,0.005
1.034,0.224,0.002,0.005
0.581,0.19,0.004,0.005
1.387,0.273,0.003,0.005
0.804,0.221,0.005,0.005
0.948,0.197,0.002,0.005
0.604,0.169,0.002,0.005
0.879,0.205,0.002,0.005
0.67,0.165,0.002,0.005
1.092,0.177,0.005,0.005
0.631,0.163,0.001,0.005
0.895,0.166,0.003,0.005
0.572,0.161,0.001,0.005
0.449,0.145,0.001,0.005
1.132,0.174,0.01,0.005
0.327,0.141,0.002,0.005
0.548,0.15,0.001,0.005
0.697,0.155,0.003,0.005
1.186,0.188,0.002,0.005
0.794,0.172,0.002,0.005
0.635,0.25,0.003,0.005
1.08,0.235,0.005,0.005
0.833,0.221,0.002,0.005
0.777,0.168,0.018,0.005
0.972,0.278,0.004,0.005
0.732,0.219,0.009,0.005
0.654,0.163,0.001,0.005
2.742,0.373,0.068,0.005
0.769,0.349,0.006,0.005
0.362,0.158,0.011,0.005
0.463,0.171,0.003,0.005
0.627,0.155,0.006,0.005
0.761,0.159,0.005,0.005
0.7,0.178,0.001,0.005
0.922,0.164,0.018,0.005
1.015,0.228,0.003,0.005
2.025,0.273,0.022,0.005
1.412,0.272,0.005,0.005
2.008,0.235,0.008,0.005
1.094,0.229,0.002,0.005
3.352,0.292,0.022,0.005
1.928,0.321,0.004,0.005
1.972,0.287,0.007,0.005
1.254,0.251,0.004,0.005
1.101,0.173,0.006,0.005
0.774,0.205,0.002,0.005
1.749,0.258,0.013,0.005
1.516,0.238,0.003,0.005
1.058,0.245,0.003,0.005
2.84,0.331,0.008,0.005
1.67,0.389,0.009,0.005
0.566,0.254,0.012,0.005
0.657,0.144,0.006,0.005
1.018,0.208,0.003,0.005
0.67,0.156,0.008,0.005
0.781,0.167,0.002,0.005
0.754,0.179,0.001,0.005
0.544,0.175,0.001,0.005
0.789,0.18,0.001,0.005
0.952,0.183,0.001,0.005
0.969,0.189,0.007,0.005
0.568,0.168,0.002,0.005
1.123,0.203,0.001,0.005
0.944,0.188,0.001,0.005
0.767,0.172,0.002,0.005
1.105,0.175,0.003,0.005
1.279,0.189,0.004,0.005
0.589,0.166,0.001,0.005
0.873,0.153,0.007,0.005
0.867,0.183,0.002,0.005
1.284,0.197,0.014,0.005
0.638,0.195,0.003,0.005
0.785,0.179,0.002,0.005
1.152,0.193,0.002,0.005
1.016,0.18,0.005,0.005
0.742,0.332,0.007,0.005
0.353,0.259,0.006,0.005
0.741,0.185,0.001,0.005
1.089,0.188,0.003,0.005
0.448,0.16,0.002,0.005
0.559,0.146,0.001,0.005
0.786,0.16,0.005,0.005
0.828,0.169,0.002,0.005
1.196,0.247,0.013,0.005
1.492,0.313,0.004,0.005
0.239,0.21,0.006,0.005
0.668,0.173,0.001,0.005
0.683,0.178,0.001,0.005
0.931,0.177,0.001,0.005
0.477,0.155,0.002,0.005
0.639,0.139,0.003,0.005
0.627,0.183,0.002,0.005
0.539,0.151,0.002,0.005
0.817,0.168,0.003,0.005
0.584,0.18,0.001,0.005
0.663,0.167,0.002,0.005
0.453,0.137,0.003,0.005
0.686,0.158,0.001,0.005
0.934,0.184,0.003,0.005
0.591,0.165,0.001,0.005
0.952,0.18,0.001,0.005
1.975,0.298,0.039,0.005
2.527,0.414,0.014,0.005
0.874,0.338,0.004,0.005
0.8,0.199,0.008,0.005
0.476,0.152,0.001,0.005
0.752,0.177,0.002,0.005
0.475,0.145,0.005,0.005
0.986,0.175,0.003,0.005
0.507,0.152,0.004,0.005
0.502,0.156,0.002,0.005
0.502,0.149,0.001,0.005
1.059,0.219,0.002,0.005
0.606,0.181,0.002,0.005
0.799,0.17,0.002,0.005
0.761,0.166,0.001,0.005
0.73,0.172,0.001,0.005
1.023,0.185,0.003,0.005
0.576,0.158,0.002,0.005
0.984,0.174,0.001,0.005
0.415,0.146,0.001,0.005
0.564,0.178,0.001,0.005
0.76,0.173,0.001,0.005
0.655,0.157,0.004,0.005
0.732,0.194,0.002,0.005
0.893,0.181,0.009,0.005
1.607,0.285,0.013,0.005
1.855,0.288,0.004,0.005
1.664,0.229,0.001,0.005
0.532,0.173,0.004,0.005
0.844,0.218,0.003,0.005
1.095,0.198,0.004,0.005
0.772,0.177,0.002,0.005
1.031,0.231,0.001,0.005
0.568,0.159,0.009,0.005
1.048,0.18,0.006,0.005
0.676,0.185,0.002,0.005
0.618,0.159,0.005,0.005
0.684,0.159,0.001,0.005
0.624,0.176,0.002,0.005
1.078,0.199,0.002,0.005
0.54,0.175,0.001,0.005
0.518,0.151,0.002,0.005
0.495,0.146,0.001,0.004
0.696,0.162,0.001,0.004
1.671,0.229,0.006,0.004
0.775,0.202,0.002,0.004
0.906,0.171,0.003,0.004
1.057,0.23,0.002,0.004
0.649,0.195,0.004,0.004
1.432,0.204,0.014,0.004
1.131,0.223,0.003,0.004
1.282,0.202,0.001,0.004
1.047,0.187,0.003,0.004
0.783,0.199,0.001,0.004
1.019,0.191,0.002,0.004
1.051,0.187,0.002,0.004
0.937,0.186,0.003,0.004
0.799,0.181,0.001,0.004
0.825,0.187,0.004,0.004
0.583,0.176,0.002,0.004
1.037,0.183,0.008,0.004
0.474,0.159,0.002,0.004
0.803,0.159,0.009,0.004
0.767,0.2,0.002,0.004
1.665,0.209,0.006,0.004
0.85,0.194,0.002,0.004
2.469,0.251,0.046,0.004
2.045,0.38,0.007,0.004
0.411,0.221,0.01,0.004
0.184,0.121,0.001,0.004
0.318,0.134,0.001,0.004
9.918,0.889,0.113,0.005
3.246,0.874,0.017,0.005
0.703,0.558,0.029,0.005
0.616,0.189,0.002,0.005
0.386,0.137,0.003,0.005
0.857,0.176,0.005,0.005
0.704,0.173,0.002,0.005
0.673,0.15,0.003,0.005
0.861,0.192,0.005,0.005
1.155,0.222,0.002,0.005
1.99,0.288,0.003,0.005
1.752,0.294,0.002,0.005
1.732,0.268,0.016,0.005
2.543,0.326,0.028,0.005
13.378,1.824,0.018,0.005
1.251,1.062,0.024,0.005
0.845,0.181,0.004,0.005
0.813,0.311,0.006,0.005
0.692,0.287,0.005,0.005
1.301,0.191,0.009,0.005
0.65,0.171,0.002,0.005
0.814,0.177,0.001,0.005
0.654,0.161,0.001,0.005
0.784,0.172,0.01,0.005
0.925,0.192,0.002,0.005
0.503,0.179,0.001,0.005
0.642,0.178,0.002,0.005
1.201,0.186,0.006,0.005
0.784,0.182,0.001,0.005
0.651,0.167,0.001,0.005
0.768,0.174,0.001,0.005
0.854,0.196,0.001,0.005
0.588,0.159,0.007,0.005
0.658,0.171,0.001,0.005
0.637,0.162,0.001,0.005
1.303,0.2,0.004,0.005
0.858,0.181,0.001,0.005
1.005,0.182,0.009,0.005
1.163,0.194,0.005,0.005
0.8,0.178,0.001,0.005
0.719,0.18,0.001,0.005
0.605,0.173,0.001,0.005
0.869,0.185,0.001,0.005
0.87,0.181,0.001,0.005
1.126,0.185,0.003,0.005
0.495,0.157,0.001,0.005
0.525,0.164,0.001,0.005
0.773,0.163,0.006,0.005
0.738,0.186,0.002,0.005
1.064,0.179,0.009,0.005
0.501,0.181,0.001,0.005
0.589,0.173,0.001,0.005
0.612,0.162,0.002,0.005
0.594,0.18,0.001,0.005
1.108,0.182,0.012,0.005
13.062,1.28,0.117,0.005
1.165,0.886,0.018,0.005
0.267,0.471,0.042,0.005
0.269,0.121,0.002,0.005
0.22,0.117,0.002,0.005
0.174,0.117,0.001,0.005
0.603,0.156,0.002,0.005
0.738,0.164,0.004,0.005
0.674,0.209,0.002,0.005
0.561,0.162,0.006,0.005
0.957,0.189,0.007,0.005
1.16,0.222,0.001,0.005
0.648,0.185,0.002,0.005
1.187,0.202,0.004,0.005
0.631,0.18,0.002,0.005
0.874,0.188,0.001,0.005
0.962,0.193,0.001,0.005
0.507,0.152,0.001,0.005
0.749,0.167,0.001,0.005
0.398,0.166,0.001,0.005
0.569,0.157,0.002,0.005
0.822,0.173,0.003,0.005
0.545,0.156,0.001,0.005
0.48,0.157,0.001,0.005
1.129,0.179,0.003,0.005
0.309,0.145,0.001,0.005
0.503,0.152,0.002,0.005
0.718,0.191,0.002,0.005
1.613,0.222,0.02,0.005
1.103,0.247,0.003,0.005
0.437,0.192,0.003,0.005
1.272,0.241,0.005,0.005
1.034,0.218,0.004,0.005
0.645,0.169,0.001,0.005
0.771,0.163,0.001,0.005
0.943,0.17,0.003,0.005
0.373,0.143,0.001,0.005
0.883,0.174,0.001,0.005
1.055,0.189,0.005,0.005
0.518,0.162,0.001,0.005
0.643,0.155,0.003,0.005
0.9,0.172,0.002,0.005
0.766,0.168,0.002,0.004
2.409,0.275,0.01,0.005
0.646,0.205,0.003,0.005
1.199,0.199,0.002,0.005
0.842,0.195,0.001,0.005
1.012,0.192,0.001,0.005
0.995,0.186,0.004,0.005
0.844,0.18,0.001,0.004
1.809,0.237,0.014,0.004
0.859,0.221,0.004,0.005
1.005,0.183,0.003,0.005
1.667,0.213,0.01,0.005
1.09,0.226,0.002,0.005
0.804,0.178,0.002,0.005
0.535,0.155,0.003,0.005
0.974,0.176,0.004,0.005
0.571,0.164,0.001,0.005
0.686,0.193,0.002,0.005
0.414,0.167,0.002,0.005
0.895,0.188,0.001,0.005
0.397,0.15,0.001,0.005
0.469,0.147,0.003,0.005
0.207,0.114,0.001,0.005
0.713,0.146,0.009,0.005
0.488,0.152,0.001,0.005
0.794,0.16,0.002,0.005
0.584,0.161,0.001,0.005
0.716,0.163,0.001,0.005
0.938,0.191,0.001,0.005
0.337,0.143,0.003,0.005
0,0,0,0
0.61,0.157,0.001,0.005
0.968,0.179,0.004,0.005
0.639,0.159,0.001,0.005
0.587,0.172,0.001,0.005
0.792,0.173,0.005,0.005
0.785,0.168,0.002,0.005
0.527,0.168,0.001,0.005
1.457,0.214,0.009,0.005
0.592,0.175,0.002,0.005
0.601,0.177,0.001,0.005
0.882,0.169,0.005,0.005
0.627,0.181,0.002,0.005
0.576,0.173,0.002,0.005
0.939,0.176,0.003,0.005
0.752,0.181,0.001,0.005
2.203,0.323,0.041,0.005
0.966,0.316,0.007,0.005
0.889,0.188,0.007,0.005
0.551,0.162,0.001,0.005
1.706,0.213,0.025,0.005
0.665,0.262,0.004,0.005
0.4,0.21,0.008,0.005
0.99,0.199,0.002,0.005
1.144,0.199,0.007,0.005
0.977,0.192,0.005,0.005
1.529,0.214,0.009,0.004
1.261,0.239,0.002,0.004
1.761,0.242,0.005,0.004
2.964,0.299,0.007,0.004
1.394,0.276,0.002,0.004
1.095,0.26,0.003,0.004
0.751,0.198,0.001,0.004
0.832,0.174,0.004,0.004
0.797,0.193,0.007,0.004
0.499,0.184,0.002,0.004
0.616,0.166,0.001,0.004
1.173,0.205,0.007,0.004
0.603,0.186,0.002,0.004
0.595,0.154,0.001,0.004
0.681,0.165,0.001,0.004
0.847,0.174,0.002,0.004
0.67,0.171,0.001,0.004
0.721,0.166,0.001,0.004
0.522,0.148,0.003,0.004
1.061,0.193,0.003,0.004
0.704,0.179,0.001,0.004
0.818,0.172,0.002,0.004
0.363,0.146,0.001,0.004
0.579,0.159,0.001,0.004
0.557,0.163,0.002,0.004
0.601,0.162,0.002,0.004
0.297,0.146,0.001,0.004
0.192,0.138,0.001,0.004
0.148,0.122,0.004,0.004
0.417,0.14,0.004,0.004
0.79,0.182,0.002,0.004
1.388,0.214,0.007,0.004
1.021,0.199,0.003,0.004
0.709,0.144,0.009,0.004
0.693,0.173,0.002,0.004
0.343,0.139,0.001,0.004
0.702,0.183,0.001,0.004
0.864,0.185,0.007,0.004
0.455,0.163,0.002,0.004
0.74,0.168,0.001,0.004
1.583,0.216,0.019,0.004
2.665,0.335,0.01,0.004
4.351,0.729,0.016,0.004
1.655,0.569,0.018,0.005
0.74,0.167,0.001,0.004
1.098,0.196,0.004,0.004
0.619,0.171,0.002,0.004
1.078,0.195,0.009,0.004
0.73,0.199,0.002,0.004
0.557,0.148,0.003,0.004
0.352,0.153,0.001,0.004
0.952,0.179,0.007,0.004
1.1,0.19,0.004,0.004
1.104,0.194,0.008,0.004
0.954,0.206,0.004,0.004
0.952,0.204,0.001,0.004
1.035,0.192,0.007,0.004
0.446,0.162,0.001,0.004
1.201,0.203,0.003,0.004
1.247,0.197,0.002,0.004
0.89,0.191,0.001,0.004
0.211,0.134,0.003,0.004
0.227,0.121,0.001,0.004
0.782,0.161,0.001,0.004
0.823,0.164,0.002,0.004
0.342,0.135,0.001,0.004
0.437,0.134,0.001,0.004
1.291,0.207,0.004,0.004
1.095,0.203,0.005,0.004
0.502,0.17,0.002,0.004
0.367,0.131,0.001,0.004
0.378,0.138,0.001,0.004
0.547,0.169,0.001,0.004
0.419,0.148,0.003,0.004
0.868,0.174,0.001,0.004
1.013,0.229,0.002,0.004
0.416,0.176,0.003,0.004
0.298,0.119,0.002,0.004
0.614,0.161,0.002,0.004
1.711,0.206,0.008,0.004
2.174,0.233,0.007,0.004
1.234,0.223,0.001,0.004
0.855,0.179,0.004,0.004
1.26,0.21,0.007,0.004
0.679,0.184,0.002,0.004
0.364,0.14,0,0.004
0.338,0.149,0.001,0.004
0.594,0.158,0.004,0.004
0.251,0.128,0.001,0.004
0.413,0.135,0.004,0.004
0.574,0.179,0.003,0.004
0.914,0.172,0.003,0.004
0.698,0.178,0.001,0.004
0.692,0.167,0.002,0.004
1.214,0.194,0.001,0.004
0.59,0.166,0.002,0.004
0.876,0.198,0.003,0.004
0.564,0.181,0.001,0.004
1.015,0.182,0.001,0.004
1.003,0.186,0.001,0.004
1.36,0.21,0.005,0.004
1.025,0.189,0.005,0.004
0.964,0.192,0.001,0.004
0.952,0.19,0.001,0.004
0.591,0.168,0.001,0.004
0.54,0.171,0.001,0.004
0.537,0.168,0.001,0.004
0.998,0.183,0.009,0.004
0.706,0.177,0.002,0.004
0.545,0.148,0.003,0.004
0.465,0.168,0.001,0.004
0.655,0.178,0.002,0.004
1.275,0.21,0.002,0.004
4.181,0.42,0.047,0.004
7.102,0.603,0.078,0.004
1.116,0.583,0.017,0.005
1.061,0.38,0.029,0.004
0.747,0.22,0.002,0.004
0.896,0.18,0.002,0.004
1.412,0.209,0.01,0.004
0.588,0.198,0.002,0.004
0.442,0.159,0.001,0.004
0.696,0.178,0.001,0.004
0.512,0.155,0.001,0.004
0.847,0.199,0.003,0.004
0.561,0.199,0.002,0.004
0.459,0.154,0.006,0.004
0.862,0.174,0.001,0.004
0.89,0.197,0.002,0.004
0.314,0.138,0.004,0.004
0.27,0.153,0.002,0.004
0.828,0.174,0.002,0.004
0.338,0.138,0.002,0.004
0.279,0.132,0.001,0.004
0.412,0.135,0.003,0.004
0.582,0.16,0.001,0.004
0.62,0.159,0.004,0.004
0.306,0.141,0.001,0.004
0.729,0.169,0.002,0.004
0.602,0.198,0.002,0.004
1.67,0.22,0.013,0.004
0.888,0.24,0.004,0.004
0.7,0.179,0.005,0.004
1.115,0.197,0.001,0.004
1.145,0.189,0.008,0.004
0.813,0.21,0.004,0.004
0.507,0.199,0.002,0.004
1.637,0.223,0.011,0.004
4.349,0.353,0.031,0.004
1.756,0.367,0.007,0.004
1.4,0.245,0.009,0.004
0.33,0.171,0.002,0.004
1.184,0.231,0.002,0.004
0.732,0.195,0.003,0.004
0.522,0.169,0.001,0.004
0.806,0.177,0.006,0.004
1.057,0.202,0.002,0.004
0.59,0.162,0.005,0.004
0.987,0.183,0.006,0.004
0.737,0.184,0.002,0.004
0.537,0.15,0.004,0.004
0.69,0.163,0.009,0.004
0.916,0.196,0.002,0.004
1.38,0.213,0.009,0.004
0.339,0.162,0.003,0.004
0.761,0.173,0.007,0.004
0.379,0.154,0.001,0.004
1.184,0.191,0.006,0.004
10.268,1.285,0.117,0.004
2.703,1.034,0.017,0.005
0.487,0.536,0.058,0.005
0.919,0.225,0.002,0.004
0.898,0.18,0.006,0.004
0.86,0.185,0.004,0.004
0.966,0.202,0.005,0.004
0.822,0.193,0.004,0.004
0.605,0.181,0.001,0.004
0.762,0.17,0.002,0.004
0.834,0.175,0.001,0.004
0.652,0.167,0.002,0.004
0.663,0.168,0.001,0.004
0.318,0.152,0.001,0.004
1.191,0.199,0.011,0.004
0.727,0.203,0.002,0.004
0.454,0.147,0.003,0.004
0.67,0.162,0.005,0.004
0.39,0.165,0.002,0.004
0.863,0.209,0.002,0.004
0.545,0.175,0.003,0.004
0.671,0.178,0.001,0.004
0.531,0.154,0.001,0.004
0.693,0.158,0.001,0.004
0.918,0.178,0.001,0.004
0.703,0.17,0.001,0.004
0.627,0.166,0.001,0.004
1.082,0.194,0.001,0.004
0.827,0.198,0.001,0.004
0.477,0.148,0.001,0.004
1.117,0.205,0.001,0.004
0.641,0.198,0.001,0.004
0.578,0.164,0.001,0.004
0.429,0.154,0.001,0.004
0.596,0.214,0.001,0.004
0.671,0.21,0.001,0.004
0.792,0.168,0.001,0.004
0.622,0.18,0.001,0.004
0.396,0.139,0.001,0.004
0.248,0.137,0.001,0.004
0.324,0.138,0.001,0.004
0.844,0.169,0.001,0.004
0.816,0.178,0.001,0.004
0.465,0.157,0.001,0.004
0.772,0.169,0.001,0.004
0.955,0.185,0.001,0.004
0.553,0.167,0.001,0.004
0.887,0.171,0.001,0.004
0.677,0.177,0.001,0.004
0.762,0.178,0.001,0.004
0.62,0.173,0.001,0.004
0.807,0.172,0.001,0.004
0.698,0.168,0.001,0.004
1.12,0.17,0.001,0.004
0.697,0.231,0.001,0.004
0.786,0.195,0.001,0.004
0.371,0.159,0.001,0.004
1.137,0.187,0.001,0.004
0.883,0.173,0.001,0.004
1.044,0.185,0.001,0.004
0.626,0.196,0.001,0.004
0.593,0.18,0.001,0.004
0.969,0.18,0.001,0.004
0.728,0.183,0.001,0.004
0.157,0.132,0.001,0.004
0.653,0.159,0.001,0.004
0.506,0.197,0.001,0.004
1.162,0.207,0.001,0.004
1.103,0.236,0.001,0.004
1.009,0.216,0.001,0.004
1.365,0.236,0.001,0.004
1.001,0.204,0.001,0.004
1.394,0.197,0.001,0.004
0.724,0.211,0.001,0.004
0.688,0.183,0.001,0.004
0.847,0.186,0.001,0.004
0.97,0.215,0.001,0.004
0.569,0.166,0.001,0.004
0.643,0.192,0.001,0.004
0.894,0.193,0.001,0.004
0.58,0.161,0.001,0.004
1.775,0.244,0.001,0.004
14.045,1.769,0.001,0.005
3.508,1.352,0.001,0.005
19.283,2.328,0.001,0.005
4.965,2.384,0.001,0.006
5.341,2.477,0.001,0.006
8.055,1.344,0.001,0.006
9.517,1.429,0.001,0.006
25.569,3.06,0.001,0.006
1.801,1.976,0.001,0.006
11.058,2.695,0.001,0.006
27.078,3.261,0.001,0.006
1.818,1.976,0.001,0.006
4.939,1.991,0.001,0.006
5.422,1.458,0.001,0.006
4.603,1.59,0.001,0.006
1.412,0.729,0.001,0.006
1.93,0.759,0.001,0.006
0.573,0.588,0.001,0.006
1.305,0.645,0.001,0.006
2.755,0.68,0.001,0.006
0.959,0.568,0.001,0.006
1.976,0.614,0.001,0.006
2.295,0.602,0.001,0.006
0.691,0.671,0.001,0.006
3.228,0.834,0.001,0.006
2.862,0.818,0.001,0.006
1.514,0.739,0.001,0.006
2.168,0.558,0.001,0.006
0.855,0.599,0.001,0.006
1.08,0.549,0.001,0.006
0.661,0.601,0.001,0.006
1.046,0.634,0.001,0.006
0.766,0.216,0.001,0.005
0.706,0.197,0.001,0.005
0.881,0.191,0.001,0.005
0.681,0.203,0.001,0.005
0.531,0.17,0.001,0.005
0.534,0.165,0.001,0.005
1.849,0.245,0.001,0.005
1.968,0.273,0.001,0.005
2.524,0.332,0.001,0.005
0.525,0.205,0.001,0.005
1.043,0.205,0.001,0.005
0.456,0.192,0.001,0.005
0.68,0.195,0.001,0.005
0.808,0.178,0.001,0.005
3.819,0.55,0.001,0.005
1.552,0.533,0.001,0.005
1.079,0.261,0.001,0.005
0.378,0.176,0.001,0.005
0.819,0.204,0.001,0.005
0.579,0.164,0.001,0.005
0.666,0.17,0.001,0.005
0.372,0.159,0.001,0.005
0.955,0.175,0.001,0.005
0.717,0.228,0.001,0.005
0.428,0.149,0.001,0.005
0.922,0.178,0.001,0.005
0.722,0.171,0.001,0.005
0.862,0.178,0.001,0.005
0.722,0.169,0.001,0.005
0.943,0.186,0.001,0.005
0.489,0.172,0.001,0.005
0.818,0.177,0.001,0.005
0.463,0.162,0.001,0.005
0.686,0.195,0.001,0.005
0.621,0.181,0.001,0.005
0.751,0.175,0.001,0.005
0.491,0.163,0.001,0.005
0.932,0.174,0.001,0.005
0.775,0.18,0.001,0.005
0.851,0.213,0.001,0.005
0.539,0.19,0.001,0.005
0.474,0.146,0.001,0.005
0.65,0.177,0.001,0.005
0.545,0.172,0.001,0.005
0.355,0.133,0.001,0.005
0.236,0.135,0.001,0.005
0.486,0.149,0.001,0.005
0.533,0.153,0.001,0.005
0.416,0.155,0.001,0.005
1.767,0.26,0.001,0.005
15.708,1.912,0.001,0.005
1.352,1.635,0.001,0.005
5.908,2.026,0.001,0.005
2.831,1.281,0.001,0.005
8.953,1.822,0.001,0.005
0.791,0.956,0.001,0.005
6.334,1.255,0.001,0.005
12.253,1.972,0.001,0.005
0.977,1.327,0.001,0.005
7.152,1.413,0.001,0.005
6.147,1.668,0.001,0.006
2.863,1.367,0.001,0.006
18.007,2.354,0.001,0.006
4.998,1.603,0.001,0.006
8.152,1.214,0.001,0.006
1.403,1.037,0.001,0.006
11.804,1.651,0.001,0.006
8.005,2.024,0.001,0.006
18.357,2.771,0.001,0.006
1.682,1.85,0.001,0.006
0.854,1.638,0.001,0.006
0.269,0.222,0.001,0.005
0.812,0.232,0.001,0.005
0.574,0.179,0.001,0.005
0.585,0.183,0.001,0.005
0.839,0.186,0.001,0.005
0.347,0.151,0.001,0.005
1.169,0.198,0.001,0.005
0.676,0.181,0.001,0.005
0.866,0.186,0.001,0.005
0.39,0.168,0.001,0.005
1.23,0.22,0.001,0.005
1.15,0.241,0.001,0.005
1.776,0.236,0.001,0.005
0.497,0.176,0.001,0.005
0.006,0.001,0.001,0
1.876,0.238,0.001,0.005
0.727,0.229,0.001,0.005
0.735,0.205,0.001,0.005
0.621,0.163,0.001,0.005
0.842,0.175,0.001,0.005
0.972,0.184,0.001,0.005
0.941,0.183,0.001,0.005
0.753,0.18,0.001,0.005
0.532,0.14,0.001,0.005
0.946,0.17,0.001,0.005
2.969,0.29,0.001,0.005
0.523,0.221,0.001,0.005
2.265,0.356,0.001,0.005
2.055,0.562,0.001,0.005
2.583,0.623,0.001,0.005
1.309,0.644,0.001,0.005
0,0,0.001,0
1.847,0.536,0.001,0.005
2.223,0.547,0.001,0.005
3.367,0.729,0.001,0.005
2.006,0.672,0.001,0.005
2.254,0.643,0.001,0.005
2.801,0.791,0.001,0.005
1.631,0.677,0.001,0.005
4.083,0.746,0.001,0.005
12.903,1.718,0.001,0.005
1.471,1.082,0.001,0.006
10.596,1.568,0.001,0.006
1.432,1.106,0.001,0.006
7.723,1.486,0.001,0.006
13.85,1.976,0.001,0.006
1.758,1.467,0.001,0.006
8.137,1.639,0.001,0.006
2.231,1.937,0.001,0.006
26.017,3.172,0.001,0.006
3.216,2.186,0.001,0.006
4.791,2.346,0.001,0.006
6.43,1.331,0.001,0.006
7.906,1.536,0.001,0.006
1.608,1.237,0.001,0.006
7.637,1.521,0.001,0.006
5.079,1.44,0.001,0.006
12.525,1.776,0.001,0.006
13.635,2.003,0.001,0.006
11.839,2.097,0.001,0.006
11.926,1.966,0.001,0.006
14.557,2.429,0.001,0.007
6.793,2.199,0.001,0.007
5.115,1.284,0.001,0.006
1.537,1.135,0.001,0.006
3.466,1.209,0.001,0.006
1.084,0.929,0.001,0.006
7.032,1.3,0.001,0.006
1.009,0.98,0.001,0.006
6.487,1.133,0.001,0.006
12.611,1.92,0.001,0.006
10.769,1.896,0.001,0.007
2.811,1.497,0.001,0.007
1.648,0.894,0.001,0.006
7.249,0.773,0.001,0.005
1.457,1.017,0.001,0.004
2.159,1.007,0.001,0.004
1.329,0.773,0.001,0.004
1.245,0.744,0.001,0.004
3.013,0.674,0.001,0.003
3.988,1.139,0.001,0.003
6.552,1.322,0.001,0.003
2.103,1.07,0.001,0.004
3.099,1.021,0.001,0.004
1.146,0.831,0.001,0.004
2.511,0.609,0.001,0.003
3.046,0.886,0.001,0.003
3.465,1.033,0.001,0.003
3.283,1.145,0.001,0.004
2.94,1.075,0.001,0.004
6.698,1.154,0.001,0.004
6.154,1.407,0.001,0.004
2.799,1.21,0.001,0.004
14.103,1.865,0.001,0.004
14.487,2.65,0.001,0.004
15.609,3.045,0.001,0.004
11.241,2.438,0.001,0.005
1.21,1.788,0.001,0.005
0.37,0.422,0.001,0.004
0.127,0.19,0.001,0.002
0.746,0.174,0.001,0.002
1.093,0.178,0.001,0.002
0.95,0.183,0.001,0.002
0.695,0.148,0.001,0.002
0.581,0.131,0.001,0.002
0.941,0.165,0.001,0.002
0.438,0.148,0.001,0.002
0.351,0.12,0.001,0.002
0.451,0.135,0.001,0.002
0.64,0.156,0.001,0.002
0.992,0.163,0.001,0.002
0.519,0.139,0.001,0.002
0.828,0.161,0.001,0.002
0.713,0.161,0.001,0.002
0.686,0.147,0.001,0.002
1.451,0.213,0.001,0.002
0.85,0.183,0.001,0.002
0.619,0.132,0.001,0.002
0.67,0.175,0.001,0.002
0.741,0.159,0.001,0.002
0.762,0.153,0.001,0.002
0.562,0.145,0.001,0.002
0.374,0.147,0.001,0.002
0.896,0.156,0.001,0.002
0.671,0.157,0.001,0.002
0.453,0.135,0.001,0.002
0.624,0.133,0.001,0.002
0.585,0.191,0.001,0.002
0.751,0.174,0.001,0.002
0.508,0.136,0.001,0.002
0.986,0.183,0.001,0.002
0.757,0.151,0.001,0.002
1.3,0.204,0.001,0.002
1.491,0.214,0.001,0.002
1.335,0.236,0.001,0.002
0.83,0.203,0.001,0.002
0.611,0.153,0.001,0.002
1.099,0.179,0.001,0.002
1.37,0.219,0.001,0.002
0.646,0.175,0.001,0.002
0.78,0.174,0.001,0.002
0.97,0.177,0.001,0.002
0.571,0.166,0.001,0.002
0.639,0.16,0.001,0.002
0.201,0.124,0.001,0.002
0.818,0.144,0.001,0.002
1.627,0.251,0.001,0.002
0.462,0.193,0.001,0.002
0.553,0.127,0.001,0.002
0.66,0.168,0.001,0.002
0.643,0.147,0.001,0.002
0.945,0.15,0.001,0.002
0.9,0.171,0.001,0.002
0.432,0.144,0.001,0.002
0.158,0.102,0.001,0.002
0.235,0.108,0.001,0.002
0.665,0.14,0.001,0.002
2.607,0.275,0.001,0.002
1.567,0.231,0.001,0.002
1.051,0.176,0.001,0.002
0.578,0.26,0.001,0.002
0.804,0.237,0.001,0.002
0.647,0.142,0.001,0.002
0.77,0.138,0.001,0.002
0.388,0.139,0.001,0.002
0.366,0.137,0.001,0.002
1.045,0.171,0.001,0.002
0.863,0.192,0.001,0.002
0.749,0.154,0.001,0.002
0.966,0.16,0.001,0.002
1.678,0.27,0.001,0.002
1.468,0.243,0.001,0.002
1.571,0.244,0.001,0.002
0.703,0.191,0.001,0.002
1.136,0.172,0.001,0.002
1.418,0.196,0.001,0.002
1.301,0.229,0.001,0.002
0.888,0.166,0.001,0.002
0.786,0.159,0.001,0.002
1.01,0.163,0.001,0.002
0.478,0.162,0.001,0.002
0.729,0.153,0.001,0.002
0.806,0.184,0.001,0.002
2.722,0.294,0.001,0.002
0.756,0.315,0.001,0.002
0.736,0.217,0.001,0.002
0.668,0.175,0.001,0.002
0.849,0.179,0.001,0.002
1.094,0.184,0.001,0.002
0.877,0.26,0.001,0.002
0.556,0.214,0.001,0.002
1.148,0.177,0.001,0.002
1.001,0.184,0.001,0.002
1.229,0.181,0.001,0.002
1.047,0.182,0.001,0.002
1.411,0.194,0.001,0.002
0.715,0.174,0.001,0.002
2.489,0.278,0.001,0.002
2.455,0.306,0.001,0.003
5.736,0.499,0.001,0.003
2.521,0.515,0.001,0.003
0.748,0.223,0.001,0.003
1.185,0.194,0.001,0.003
0.56,0.162,0.001,0.003
0.948,0.18,0.001,0.003
0.899,0.179,0.001,0.003
1.365,0.232,0.001,0.003
1.121,0.238,0.001,0.003
0.961,0.406,0.001,0.003
0.576,0.284,0.001,0.003
0.515,0.192,0.001,0.003
1.186,0.221,0.001,0.003
1.501,0.219,0.001,0.003
0.817,0.255,0.001,0.003
0.236,0.17,0.001,0.003
0.456,0.131,0.001,0.002
0.622,0.142,0.001,0.002
0.789,0.178,0.001,0.002
0.895,0.159,0.001,0.002
0.659,0.169,0.001,0.002
0.702,0.168,0.001,0.002
1.324,0.186,0.001,0.002
0.899,0.182,0.001,0.002
1.174,0.182,0.001,0.002
2.775,0.304,0.001,0.002
1.709,0.279,0.001,0.003
2.526,0.363,0.001,0.003
1.68,0.34,0.001,0.003
2.155,0.307,0.001,0.002
0.836,0.244,0.001,0.003
0.777,0.184,0.001,0.002
0.782,0.183,0.001,0.002
0.509,0.163,0.001,0.002
0.741,0.183,0.001,0.002
0.612,0.158,0.001,0.002
0.888,0.176,0.001,0.002
0.758,0.157,0.001,0.002
0.349,0.14,0.001,0.002
0.716,0.154,0.001,0.002
0.538,0.153,0.001,0.002
0.542,0.143,0.001,0.002
1.299,0.193,0.001,0.002
0.617,0.168,0.001,0.002
1.587,0.205,0.001,0.002
0.741,0.196,0.001,0.002
0.912,0.175,0.001,0.002
0.847,0.177,0.001,0.002
0.918,0.161,0.001,0.002
0.806,0.262,0.001,0.002
0.801,0.253,0.001,0.003
0.586,0.141,0.001,0.002
1.168,0.18,0.001,0.002
6.292,0.504,0.001,0.002
0.926,0.438,0.001,0.003
0.556,0.231,0.001,0.002
0.802,0.168,0.001,0.002
0.718,0.163,0.001,0.002
0.643,0.163,0.001,0.002
0.853,0.174,0.001,0.002
0.772,0.169,0.001,0.002
0.702,0.17,0.001,0.002
0.653,0.161,0.001,0.002
0.656,0.159,0.001,0.002
0.812,0.169,0.001,0.002
0.64,0.164,0.001,0.002
0.683,0.148,0.001,0.002
0.674,0.164,0.001,0.002
0.97,0.189,0.001,0.002
0.361,0.148,0.001,0.002
0.66,0.175,0.001,0.002
0.754,0.17,0.001,0.002
0.352,0.156,0.001,0.002
0.779,0.174,0.001,0.002
0.317,0.149,0.001,0.002
0.23,0.127,0.001,0.002
0.052,0.096,0.001,0.002
0.904,0.17,0.001,0.002
0.819,0.17,0.001,0.002
1.036,0.176,0.001,0.002
0.226,0.138,0.001,0.002
0.165,0.106,0.001,0.002
0.511,0.17,0.001,0.002
1.029,0.183,0.001,0.002
0.715,0.171,0.001,0.002
0.11,0.087,0.001,0.002
0.322,0.145,0.001,0.002
0.479,0.144,0.001,0.002
0.865,0.161,0.001,0.002
0.521,0.149,0.001,0.002
0.619,0.146,0.001,0.002
0.533,0.139,0.001,0.002
0.555,0.147,0.001,0.002
0.643,0.147,0.001,0.002
0.538,0.136,0.001,0.002
0.391,0.146,0.001,0.002
0.441,0.128,0.001,0.002
0.459,0.136,0.001,0.002
0.552,0.147,0.001,0.002
0.351,0.149,0.001,0.002
0.786,0.158,0.001,0.002
1.758,0.212,0.001,0.002
1.483,0.262,0.001,0.002
0.745,0.158,0.001,0.002
0.49,0.165,0.001,0.002
0.359,0.155,0.001,0.002
0.752,0.164,0.001,0.002
0.61,0.166,0.001,0.002
0.575,0.145,0.001,0.002
0.436,0.135,0.001,0.002
2.296,0.258,0.001,0.002
0.459,0.211,0.001,0.002
0.521,0.144,0.001,0.002
0.357,0.143,0.001,0.002
0.526,0.15,0.001,0.002
0.787,0.158,0.001,0.002
2.656,0.26,0.001,0.002
0.496,0.204,0.001,0.002
2.499,0.241,0.001,0.002
0.716,0.25,0.001,0.002
2.784,0.424,0.001,0.002
1.59,0.38,0.001,0.002
0.919,0.205,0.001,0.002
0.867,0.193,0.001,0.002
1.247,0.199,0.001,0.002
1.926,0.278,0.001,0.002
0.611,0.207,0.001,0.002
1.207,0.194,0.001,0.002
0.803,0.171,0.001,0.002
0.247,0.132,0.001,0.002
3.309,0.28,0.001,0.002
0.96,0.304,0.001,0.002
0.734,0.206,0.001,0.002
0.876,0.173,0.001,0.002
0.503,0.142,0.001,0.002
0.612,0.157,0.001,0.002
0.261,0.122,0.001,0.002
0.476,0.135,0.001,0.002
1.186,0.182,0.001,0.002
1.732,0.299,0.001,0.002
1.232,0.249,0.001,0.002
4.097,0.41,0.001,0.002
1.157,0.345,0.001,0.002
0.948,0.175,0.001,0.002
0.899,0.175,0.001,0.002
1.311,0.254,0.001,0.002
1.212,0.211,0.001,0.002
1.484,0.211,0.001,0.002
0.709,0.18,0.001,0.002
1.27,0.195,0.001,0.002
1.256,0.195,0.001,0.002
2.017,0.29,0.001,0.002
2.044,0.363,0.001,0.002
0.848,0.312,0.001,0.002
1.17,0.22,0.001,0.002
0.963,0.263,0.001,0.002
1.013,0.22,0.001,0.002
0.923,0.21,0.001,0.002
0.974,0.202,0.001,0.002
0.976,0.213,0.001,0.002
2.389,0.317,0.001,0.002
0.948,0.302,0.001,0.002
0.748,0.176,0.001,0.002
1.231,0.19,0.001,0.002
0.765,0.18,0.001,0.002
0.479,0.161,0.001,0.002
0.864,0.169,0.001,0.002
1.068,0.178,0.001,0.002
0.948,0.168,0.001,0.002
3.547,0.42,0.001,0.002
2.961,0.439,0.001,0.002
1.531,0.292,0.001,0.002
0.726,0.234,0.001,0.002
1.253,0.204,0.001,0.002
0.85,0.189,0.001,0.002
0.713,0.174,0.001,0.002
1.158,0.206,0.001,0.002
1.897,0.253,0.001,0.002
2.229,0.324,0.001,0.002
0.596,0.254,0.001,0.002
1.046,0.199,0.001,0.002
1.146,0.205,0.001,0.002
0.854,0.194,0.001,0.002
0.814,0.171,0.001,0.002
2.708,0.248,0.001,0.002
0.789,0.433,0.001,0.002
0.69,0.355,0.001,0.002
0.844,0.191,0.001,0.002
0.793,0.174,0.001,0.002
1.11,0.181,0.001,0.002
0.407,0.155,0.001,0.002
0.61,0.168,0.001,0.002
0.621,0.163,0.001,0.002
0.975,0.177,0.001,0.002
0.189,0.126,0.001,0.002
0.33,0.143,0.001,0.002
0.078,0.107,0.001,0.002
0.353,0.127,0.001,0.002
0.779,0.208,0.001,0.002
0.321,0.142,0.001,0.002
1.052,0.192,0.001,0.002
0.793,0.176,0.001,0.002
0.642,0.185,0.001,0.002
0.853,0.165,0.001,0.002
0.547,0.152,0.001,0.002
0.814,0.163,0.001,0.002
0.723,0.161,0.001,0.002
0.705,0.157,0.001,0.002
0.643,0.171,0.001,0.002
0.751,0.165,0.001,0.002
0.829,0.164,0.001,0.002
0.495,0.152,0.001,0.002
2.803,0.389,0.001,0.002
1.349,0.361,0.001,0.002
7.17,0.991,0.001,0.002
1.786,0.757,0.001,0.003
1.818,0.349,0.001,0.002
1.451,0.349,0.001,0.002
0.552,0.257,0.001,0.002
0.832,0.214,0.001,0.002
0.75,0.179,0.001,0.002
1.004,0.184,0.001,0.002
0.576,0.18,0.001,0.002
0.969,0.176,0.001,0.002
0.728,0.381,0.001,0.002
0.851,0.375,0.001,0.002
0.538,0.168,0.001,0.002
0.551,0.153,0.001,0.002
0.71,0.173,0.001,0.002
0.541,0.152,0.001,0.002
1.319,0.197,0.001,0.002
0.52,0.176,0.001,0.002
1.098,0.188,0.001,0.002
0.404,0.133,0.001,0.002
0.721,0.155,0.001,0.002
6.979,0.923,0.001,0.002
0.833,0.682,0.001,0.002
0.694,0.204,0.001,0.002
0.633,0.171,0.001,0.002
0.484,0.16,0.001,0.002
0.721,0.157,0.001,0.002
0.524,0.166,0.001,0.002
0.33,0.129,0.001,0.002
0.698,0.163,0.001,0.002
0.536,0.147,0.001,0.002
0.421,0.156,0.001,0.002
1.458,0.19,0.001,0.002
2.301,0.31,0.001,0.002
1.282,0.227,0.001,0.002
0.736,0.186,0.001,0.002
0.537,0.148,0.001,0.002
1.086,0.206,0.001,0.002
0.551,0.158,0.001,0.002
0.841,0.169,0.001,0.002
0.195,0.134,0.001,0.002
0.281,0.119,0.001,0.002
0.191,0.113,0.001,0.002
0.632,0.157,0.001,0.002
0.771,0.16,0.001,0.002
0,0,0.001,0
0.533,0.161,0.001,0.002
0.799,0.18,0.001,0.002
0.976,0.178,0.001,0.002
1.219,0.249,0.001,0.002
1.98,0.25,0.001,0.002
1.38,0.226,0.001,0.002
1.768,0.379,0.001,0.002
1.189,0.326,0.001,0.002
1.236,0.196,0.001,0.002
0.768,0.175,0.001,0.002
1.229,0.188,0.001,0.002
1.054,0.206,0.001,0.002
1.198,0.246,0.001,0.002
1.217,0.212,0.001,0.002
0.713,0.19,0.001,0.002
0.791,0.181,0.001,0.002
0.643,0.164,0.001,0.002
0.79,0.179,0.001,0.002
0.619,0.161,0.001,0.002
1.286,0.304,0.001,0.002
1.832,0.442,0.001,0.002
0.986,0.334,0.001,0.002
2.38,0.422,0.001,0.002
1.552,0.378,0.001,0.002
5.843,0.541,0.001,0.002
0.94,0.492,0.001,0.002
0.523,0.286,0.001,0.002
0.784,0.184,0.001,0.002
1.166,0.209,0.001,0.002
2.063,0.323,0.001,0.002
9.294,1.064,0.001,0.002
2.688,1.012,0.001,0.002
1.936,0.688,0.001,0.002
2.196,0.416,0.001,0.002
1.227,0.327,0.001,0.002
1.054,0.289,0.001,0.002
1.12,0.187,0.001,0.002
6.412,0.627,0.001,0.002
21.947,2.255,0.001,0.003
14.884,2.587,0.001,0.003
16.361,2.5,0.001,0.004
26.929,3.022,0.001,0.004
25.299,3.046,0.001,0.004
11.103,3.563,0.001,0.004
6.763,2.637,0.001,0.005
13.399,1.886,0.001,0.004
22.303,3.393,0.001,0.004
7.527,2.714,0.001,0.005
7.083,2.825,0.001,0.005
34.513,3.228,0.001,0.004
7.057,2.227,0.001,0.005
0.641,0.632,0.001,0.004
0.886,0.261,0.001,0.003
1.779,0.237,0.001,0.003
1.642,0.266,0.001,0.003
1.547,0.323,0.001,0.003
1.329,0.254,0.001,0.003
1.316,0.231,0.001,0.003
1.043,0.181,0.001,0.003
0.869,0.186,0.001,0.003
1.221,0.197,0.001,0.003
0.755,0.198,0.001,0.003
0.87,0.187,0.001,0.003
0.624,0.164,0.001,0.003
0.877,0.176,0.001,0.003
1.036,0.21,0.001,0.003
0.706,0.176,0.001,0.003
0.813,0.174,0.001,0.003
0.229,0.13,0.001,0.003
0.873,0.171,0.001,0.003
1.104,0.197,0.001,0.003
1.175,0.207,0.001,0.003
1.239,0.201,0.001,0.003
0.548,0.164,0.001,0.003
1.036,0.188,0.001,0.003
1.076,0.195,0.001,0.003
0.765,0.184,0.001,0.003
0.9,0.207,0.001,0.003
0.978,0.193,0.001,0.003
1.007,0.178,0.001,0.003
0.583,0.26,0.001,0.003
0.611,0.236,0.001,0.003
0.839,0.165,0.001,0.003
1.314,0.203,0.001,0.003
1.792,0.219,0.001,0.003
1.01,0.218,0.001,0.003
0.843,0.208,0.001,0.003
1.134,0.222,0.001,0.003
0.455,0.161,0.001,0.003
0.892,0.181,0.001,0.003
1.186,0.204,0.001,0.003
1.086,0.208,0.001,0.003
0.781,0.204,0.001,0.003
0.782,0.178,0.001,0.003
0.774,0.187,0.001,0.003
1.006,0.19,0.001,0.003
0.824,0.187,0.001,0.003
0.638,0.161,0.001,0.003
0.8,0.178,0.001,0.003
0.68,0.162,0.001,0.003
1.214,0.189,0.001,0.003
1.032,0.184,0.001,0.003
0.624,0.169,0.001,0.003
0.939,0.171,0.001,0.003
1.147,0.202,0.001,0.003
0.862,0.179,0.001,0.003
0.81,0.2,0.001,0.003
0.837,0.185,0.001,0.003
1.432,0.234,0.001,0.003
0.541,0.2,0.001,0.003
0.968,0.182,0.001,0.003
1.27,0.216,0.001,0.003
0.791,0.194,0.001,0.003
0.701,0.159,0.001,0.003
0.777,0.178,0.001,0.003
0.284,0.124,0.001,0.003
0.257,0.119,0.001,0.003
0.665,0.157,0.001,0.003
0.812,0.172,0.001,0.003
1.101,0.191,0.001,0.003
0.849,0.18,0.001,0.003
0.782,0.2,0.001,0.003
1.284,0.223,0.001,0.003
0.816,0.216,0.001,0.003
0.832,0.17,0.001,0.003
0.681,0.172,0.001,0.003
1.191,0.189,0.001,0.003
0.59,0.166,0.001,0.003
0.631,0.156,0.001,0.003
1.107,0.186,0.001,0.003
2.212,0.266,0.001,0.003
2.07,0.264,0.001,0.003
1.11,0.237,0.001,0.003
0.706,0.193,0.001,0.003
0.876,0.193,0.001,0.003
0.775,0.177,0.001,0.003
0.88,0.176,0.001,0.003
0.898,0.189,0.001,0.003
0.596,0.162,0.001,0.003
0.695,0.174,0.001,0.003
0.693,0.169,0.001,0.003
0.857,0.176,0.001,0.003
1.22,0.197,0.001,0.003
0.902,0.183,0.001,0.003
0.916,0.175,0.001,0.003
0.757,0.174,0.001,0.003
0.984,0.18,0.001,0.003
0.734,0.196,0.001,0.003
1.184,0.199,0.001,0.003
1.183,0.329,0.001,0.003
1.11,0.289,0.001,0.003
1.033,0.195,0.001,0.003
1.008,0.201,0.001,0.003
1.467,0.203,0.001,0.003
1.278,0.21,0.001,0.003
1.514,0.23,0.001,0.003
0.854,0.219,0.001,0.003
0.581,0.161,0.001,0.003
0.591,0.165,0.001,0.003
0.817,0.178,0.001,0.003
0.635,0.177,0.001,0.003
1.305,0.205,0.001,0.003
0.414,0.165,0.001,0.003
0.999,0.181,0.001,0.003
0.801,0.184,0.001,0.003
0.742,0.164,0.001,0.003
0.859,0.175,0.001,0.003
0.895,0.182,0.001,0.003
0.953,0.195,0.001,0.003
1.192,0.197,0.001,0.003
0.721,0.185,0.001,0.003
0.61,0.165,0.001,0.003
0.662,0.16,0.001,0.003
0.759,0.17,0.001,0.003
1.04,0.194,0.001,0.003
0.786,0.176,0.001,0.003
0.393,0.162,0.001,0.003
0.236,0.119,0.001,0.002
0.424,0.133,0.001,0.002
0.683,0.154,0.001,0.002
0.821,0.163,0.001,0.002
0.818,0.174,0.001,0.002
0.234,0.126,0.001,0.002
0.941,0.356,0.001,0.002
0.731,0.311,0.001,0.003
0.614,0.145,0.001,0.002
0.757,0.16,0.001,0.002
0.586,0.148,0.001,0.002
1.933,0.325,0.001,0.002
0.645,0.263,0.001,0.003
0.53,0.153,0.001,0.002
0.794,0.17,0.001,0.002
0.727,0.165,0.001,0.002
1.355,0.199,0.001,0.002
0.787,0.191,0.001,0.002
0.572,0.163,0.001,0.002
0.899,0.177,0.001,0.002
0.442,0.157,0.001,0.002
2.536,0.249,0.001,0.002
2.817,0.314,0.001,0.002
2.537,0.314,0.001,0.003
0.653,0.257,0.001,0.003
0.95,0.176,0.001,0.002
1.167,0.195,0.001,0.002
0.798,0.182,0.001,0.002
0.317,0.143,0.001,0.002
0.811,0.166,0.001,0.002
0.704,0.183,0.001,0.002
1.126,0.177,0.001,0.002
0.372,0.148,0.001,0.002
3.22,0.358,0.001,0.002
0.559,0.25,0.001,0.003
1.749,0.22,0.001,0.002
16.345,1.713,0.001,0.003
31.441,3.381,0.001,0.003
42.773,4.967,0.001,0.005
45.607,5.397,0.001,0.006
56.93,5.464,0.001,0.006
37.397,5.545,0.001,0.007
7.036,3.415,0.001,0.007
1.31,2.887,0.001,0.007
0.975,0.435,0.001,0.004
0.751,0.366,0.001,0.004
0.931,0.198,0.001,0.004
0.346,0.169,0.001,0.004
0.502,0.166,0.001,0.004
0.884,0.188,0.001,0.004
0.702,0.187,0.001,0.004
0.836,0.193,0.001,0.004
0.753,0.2,0.001,0.004
0.798,0.186,0.001,0.004
0.738,0.202,0.001,0.004
0.517,0.17,0.001,0.004
0.495,0.175,0.001,0.004
0.699,0.17,0.001,0.004
0.6,0.159,0.001,0.004
0.603,0.168,0.001,0.004
0.26,0.141,0.001,0.004
0.146,0.113,0.001,0.003
0.275,0.136,0.001,0.003
0.828,0.191,0.001,0.003
0.826,0.18,0.001,0.003
0.969,0.186,0.001,0.003
0.705,0.181,0.001,0.003
0.815,0.185,0.001,0.003
0.522,0.163,0.001,0.003
0.753,0.178,0.001,0.003
0.53,0.162,0.001,0.003
0.62,0.167,0.001,0.003
0.629,0.164,0.001,0.003
1.027,0.205,0.001,0.003
0.67,0.172,0.001,0.003
0.589,0.181,0.001,0.003
1.249,0.217,0.001,0.003
0.852,0.215,0.001,0.003
0.468,0.164,0.001,0.003
1.005,0.187,0.001,0.003
1.001,0.195,0.001,0.003
0.711,0.181,0.001,0.003
0.53,0.167,0.001,0.003
0.937,0.19,0.001,0.003
0.537,0.174,0.001,0.003
0.674,0.167,0.001,0.003
0.482,0.169,0.001,0.003
0.471,0.161,0.001,0.003
0.834,0.172,0.001,0.003
0.476,0.166,0.001,0.003
0.592,0.153,0.001,0.003
0.479,0.164,0.001,0.003
0.915,0.179,0.001,0.003
0.794,0.183,0.001,0.003
0.48,0.155,0.001,0.003
0.483,0.184,0.001,0.003
0.443,0.154,0.001,0.003
0.367,0.14,0.001,0.003
0.578,0.166,0.001,0.003
0.47,0.195,0.001,0.003
0.3,0.157,0.001,0.003
0.453,0.139,0.001,0.003
2.053,0.226,0.001,0.003
1.05,0.293,0.001,0.003
1.778,0.26,0.001,0.003
0.683,0.207,0.001,0.003
0.98,0.184,0.001,0.003
1.007,0.184,0.001,0.003
0.354,0.148,0.001,0.003
0.716,0.174,0.001,0.003
0.493,0.176,0.001,0.003
0.473,0.148,0.001,0.003
0.701,0.186,0.001,0.003
0.445,0.161,0.001,0.003
0.719,0.162,0.001,0.003
2.579,0.288,0.001,0.003
0.989,0.264,0.001,0.003
3.596,0.386,0.001,0.003
2.181,0.423,0.001,0.003
0.611,0.221,0.001,0.003
0.832,0.175,0.001,0.003
0.596,0.174,0.001,0.003
0.935,0.175,0.001,0.003
1.101,0.196,0.001,0.003
1.163,0.206,0.001,0.003
0.955,0.193,0.001,0.003
0.322,0.155,0.001,0.003
0.825,0.174,0.001,0.003
0.859,0.182,0.001,0.003
0.593,0.155,0.001,0.003
0.682,0.168,0.001,0.003
0.706,0.173,0.001,0.003
0.967,0.18,0.001,0.003
0.642,0.165,0.001,0.003
3.473,0.343,0.001,0.003
1.387,0.341,0.001,0.004
7.362,0.906,0.001,0.004
1.107,0.644,0.001,0.004
0.769,0.297,0.001,0.004
0.436,0.168,0.001,0.003
0.831,0.181,0.001,0.003
0.682,0.18,0.001,0.003
0.673,0.162,0.001,0.003
0.401,0.156,0.001,0.003
0.865,0.18,0.001,0.003
0.894,0.191,0.001,0.003
0.849,0.177,0.001,0.003
0.559,0.17,0.001,0.003
0.743,0.174,0.001,0.003
0.782,0.169,0.001,0.003
0.552,0.167,0.001,0.003
0.65,0.295,0.001,0.003
0.94,0.286,0.001,0.003
0.896,0.17,0.001,0.003
0.861,0.169,0.001,0.003
2.634,0.337,0.001,0.003
0.873,0.306,0.001,0.004
0.764,0.168,0.001,0.003
0.793,0.167,0.001,0.003
0.43,0.148,0.001,0.003
1.096,0.189,0.001,0.003
0.866,0.168,0.001,0.003
0.414,0.158,0.001,0.003
0.962,0.181,0.001,0.003
0.626,0.168,0.001,0.003
2.382,0.338,0.001,0.003
2.106,0.329,0.001,0.003
1.804,0.369,0.001,0.003
0.631,0.26,0.001,0.003
0.645,0.171,0.001,0.003
0.757,0.176,0.001,0.003
0.557,0.155,0.001,0.003
0.642,0.15,0.001,0.003
0.942,0.178,0.001,0.003
0.504,0.162,0.001,0.003
1.021,0.199,0.001,0.003
1.04,0.201,0.001,0.003
0.606,0.178,0.001,0.003
0.372,0.156,0.001,0.003
0.393,0.143,0.001,0.003
0.122,0.112,0.001,0.003
0.312,0.12,0.001,0.003
0.44,0.135,0.001,0.003
0.931,0.165,0.001,0.003
0.851,0.187,0.001,0.003
0.571,0.161,0.001,0.003
0.229,0.134,0.001,0.003
0.804,0.179,0.001,0.003
1.006,0.177,0.001,0.003
0.643,0.175,0.001,0.003
0.582,0.163,0.001,0.003
0.423,0.151,0.001,0.003
0.595,0.15,0.001,0.003
0.643,0.159,0.001,0.003
0.811,0.183,0.001,0.003
1.552,0.209,0.001,0.003
0.921,0.191,0.001,0.003
0.469,0.167,0.001,0.003
0.608,0.164,0.001,0.003
0.627,0.162,0.001,0.003
0.744,0.168,0.001,0.003
0.676,0.164,0.001,0.003
0.473,0.163,0.001,0.003
0.771,0.177,0.001,0.003
0.602,0.166,0.001,0.003
0.528,0.162,0.001,0.003
0.782,0.183,0.001,0.003
0.582,0.153,0.001,0.003
0.576,0.163,0.001,0.003
0.55,0.169,0.001,0.003
0.566,0.158,0.001,0.003
0.508,0.164,0.001,0.003
0.821,0.177,0.001,0.003
0.614,0.168,0.001,0.003
0.511,0.148,0.001,0.003
0.317,0.149,0.001,0.003
1.012,0.189,0.001,0.003
0.856,0.203,0.001,0.003
0.521,0.157,0.001,0.003
0.787,0.171,0.001,0.003
1.055,0.18,0.001,0.003
0.508,0.165,0.001,0.003
0.633,0.167,0.001,0.003
0.695,0.178,0.001,0.003
0.684,0.19,0.001,0.003
0.428,0.153,0.001,0.003
0.637,0.168,0.001,0.003
0.935,0.187,0.001,0.003
0.381,0.154,0.001,0.003
0.583,0.16,0.001,0.003
0.496,0.145,0.001,0.003
0.919,0.182,0.001,0.003
0.608,0.182,0.001,0.003
0.778,0.173,0.001,0.003
0.36,0.156,0.001,0.003
0.88,0.172,0.001,0.003
0.289,0.141,0.001,0.003
0.809,0.17,0.001,0.003
0.704,0.178,0.001,0.003
0.301,0.131,0.001,0.003
0.222,0.123,0.001,0.003
0.267,0.126,0.001,0.003
0.957,0.233,0.001,0.003
1.566,0.23,0.001,0.003
1.268,0.251,0.001,0.003
0.811,0.192,0.001,0.003
0.974,0.184,0.001,0.003
1.16,0.199,0.001,0.003
0.724,0.182,0.001,0.003
0.781,0.188,0.001,0.003
0.483,0.151,0.001,0.003
0.697,0.165,0.001,0.003
0.524,0.154,0.001,0.003
0.722,0.163,0.001,0.003
0.546,0.176,0.001,0.003
0.73,0.162,0.001,0.003
1.103,0.202,0.001,0.003
0.794,0.189,0.001,0.003
0.539,0.171,0.001,0.003
2.103,0.279,0.001,0.003
0.565,0.322,0.001,0.003
0.914,0.329,0.001,0.003
1.041,0.203,0.001,0.003
0.965,0.212,0.001,0.003
1.228,0.209,0.001,0.003
0.38,0.172,0.001,0.003
1.18,0.195,0.001,0.003
1.036,0.209,0.001,0.003
0.912,0.206,0.001,0.003
2.718,0.373,0.001,0.003
0.527,0.29,0.001,0.003
0.749,0.184,0.001,0.003
0.643,0.17,0.001,0.003
1.062,0.193,0.001,0.003
0.48,0.155,0.001,0.003
0.546,0.154,0.001,0.003
1.154,0.198,0.001,0.003
2.56,0.329,0.001,0.003
6.545,0.679,0.001,0.004
1.171,0.508,0.001,0.004
0.511,0.241,0.001,0.003
0.312,0.147,0.001,0.003
0.919,0.189,0.001,0.003
0.786,0.172,0.001,0.003
0.576,0.168,0.001,0.003
0.752,0.18,0.001,0.003
0.899,0.181,0.001,0.003
0.572,0.164,0.001,0.003
0.552,0.158,0.001,0.003
0.825,0.175,0.001,0.003
0.681,0.172,0.001,0.003
0.821,0.178,0.001,0.003
0.714,0.178,0.001,0.003
0.595,0.189,0.001,0.003
0.454,0.162,0.001,0.003
1.561,0.211,0.001,0.003
0.672,0.288,0.001,0.003
0.388,0.194,0.001,0.003
0.785,0.175,0.001,0.003
0.288,0.148,0.001,0.003
1.621,0.26,0.001,0.003
0.27,0.209,0.001,0.003
0.528,0.15,0.001,0.003
0.56,0.154,0.001,0.003
0.692,0.179,0.001,0.003
0.735,0.174,0.001,0.003
0.356,0.154,0.001,0.003
0.682,0.177,0.001,0.003
2.845,0.538,0.001,0.003
1.809,0.526,0.001,0.003
1.454,0.248,0.001,0.003
1.359,0.332,0.001,0.003
0.712,0.264,0.001,0.003
0.714,0.179,0.001,0.003
0.837,0.213,0.001,0.003
0.742,0.172,0.001,0.003
0.552,0.167,0.001,0.003
0.89,0.191,0.001,0.003
0.496,0.149,0.001,0.003
1.087,0.208,0.001,0.003
0.577,0.183,0.001,0.003
0.485,0.179,0.001,0.003
0.704,0.174,0.001,0.003
0.613,0.164,0.001,0.003
0.622,0.179,0.001,0.003
0.704,0.177,0.001,0.003
0.68,0.18,0.001,0.003
0.487,0.145,0.001,0.003
0.621,0.16,0.001,0.003
0.626,0.177,0.001,0.003
0.495,0.168,0.001,0.003
0.98,0.186,0.001,0.003
0.737,0.192,0.001,0.003
0.615,0.179,0.001,0.003
0.771,0.193,0.001,0.003
0.573,0.186,0.001,0.003
0.526,0.154,0.001,0.003
0.734,0.172,0.001,0.003
0.731,0.178,0.001,0.003
0.683,0.176,0.001,0.003
0.867,0.191,0.001,0.003
0.59,0.172,0.001,0.003
0.564,0.188,0.001,0.003
0.616,0.181,0.001,0.003
0.988,0.202,0.001,0.003
0.751,0.19,0.001,0.003
0.707,0.184,0.001,0.003
0.445,0.181,0.001,0.003
0.619,0.187,0.001,0.003
0.675,0.182,0.001,0.003
0.593,0.174,0.001,0.003
0.651,0.16,0.001,0.003
0.822,0.199,0.001,0.003
0.902,0.188,0.001,0.003
0.641,0.169,0.001,0.003
0.621,0.172,0.001,0.003
0.386,0.151,0.001,0.003
0.599,0.195,0.001,0.003
0.778,0.18,0.001,0.003
0.185,0.139,0.001,0.003
0.133,0.132,0.001,0.003
0.133,0.111,0.001,0.003
0.562,0.153,0.001,0.003
0.235,0.135,0.001,0.003
0.193,0.112,0.001,0.003
2.056,0.287,0.001,0.003
0.419,0.217,0.001,0.003
0.611,0.16,0.001,0.003
0.928,0.207,0.001,0.003
0.676,0.197,0.001,0.003
0.521,0.149,0.001,0.003
0.534,0.147,0.001,0.003
0.703,0.166,0.001,0.003
0.649,0.178,0.001,0.003
0.785,0.169,0.001,0.003
0.837,0.175,0.001,0.003
0.544,0.181,0.001,0.003
0.567,0.178,0.001,0.003
0.597,0.173,0.001,0.003
0.974,0.185,0.001,0.003
0.44,0.161,0.001,0.003
0.624,0.17,0.001,0.003
0.71,0.164,0.001,0.003
0.643,0.169,0.001,0.003
0.497,0.175,0.001,0.003
0.457,0.167,0.001,0.003
1.508,0.208,0.001,0.003
1.551,0.309,0.001,0.003
0.441,0.198,0.001,0.003
0.828,0.173,0.001,0.003
0.589,0.162,0.001,0.003
0.62,0.164,0.001,0.003
0.697,0.181,0.001,0.003
0.431,0.143,0.001,0.003
0.672,0.171,0.001,0.003
0.383,0.136,0.001,0.003
0.54,0.151,0.001,0.003
0.819,0.172,0.001,0.003
0.697,0.176,0.001,0.003
0.42,0.146,0.001,0.003
0.6,0.173,0.001,0.003
1.785,0.317,0.001,0.003
0.786,0.31,0.001,0.003
1.064,0.221,0.001,0.003
1.928,0.292,0.001,0.003
1.125,0.344,0.001,0.003
0.833,0.204,0.001,0.003
0.938,0.224,0.001,0.003
0.752,0.174,0.001,0.003
0.858,0.205,0.001,0.003
1.421,0.219,0.001,0.003
0.652,0.197,0.001,0.003
1.004,0.186,0.001,0.003
0.485,0.166,0.001,0.003
0.522,0.158,0.001,0.003
0.868,0.173,0.001,0.003
0.917,0.179,0.001,0.003
0.879,0.237,0.001,0.003
0.656,0.181,0.001,0.003
1.384,0.235,0.001,0.003
0.921,0.226,0.001,0.003
0.551,0.154,0.001,0.003
1.556,0.355,0.001,0.006
0.405,0.126,0.001,0.007
2.254,0.252,0.001,0.007
1.273,0.28,0.001,0.007
0.715,0.27,0.001,0.007
0.57,0.224,0.001,0.007
1.145,0.176,0.001,0.007
0.796,0.194,0.001,0.007
0.564,0.149,0.001,0.007
0.62,0.148,0.001,0.007
1.001,0.159,0.001,0.007
0.94,0.196,0.001,0.007
0.457,0.162,0.001,0.007
1.142,0.179,0.001,0.007
0.648,0.172,0.001,0.007
0.858,0.163,0.001,0.007
1.047,0.215,0.001,0.007
2.805,0.515,0.001,0.007
6.818,0.993,0.001,0.007
1.923,0.833,0.001,0.007
1.529,0.387,0.001,0.007
3.204,0.41,0.001,0.007
1.519,0.404,0.001,0.007
1.203,0.27,0.001,0.007
0.559,0.215,0.001,0.007
0.864,0.188,0.001,0.007
1.129,0.255,0.001,0.007
1.269,0.296,0.001,0.007
0.552,0.225,0.001,0.007
0.645,0.15,0.001,0.007
0.6,0.152,0.001,0.007
0.551,0.141,0.001,0.007
1.037,0.188,0.001,0.007
0.963,0.238,0.001,0.007
1.724,0.294,0.001,0.007
0.684,0.216,0.001,0.007
0.955,0.198,0.001,0.007
0.92,0.209,0.001,0.007
0.589,0.194,0.001,0.007
0.68,0.167,0.001,0.007
0.427,0.145,0.001,0.007
0.7,0.193,0.001,0.007
0.441,0.145,0.001,0.007
0.541,0.151,0.001,0.007
0.768,0.166,0.001,0.007
0.527,0.206,0.001,0.007
0.196,0.145,0.001,0.007
0.467,0.138,0.001,0.007
0.555,0.164,0.001,0.006
0.885,0.176,0.001,0.006
2.149,0.294,0.001,0.006
0.609,0.244,0.001,0.006
0.713,0.181,0.001,0.006
0.365,0.138,0.001,0.006
0.59,0.146,0.001,0.006
0.516,0.148,0.001,0.006
0.992,0.183,0.001,0.006
1.059,0.191,0.001,0.006
0.725,0.158,0.001,0.006
0.373,0.147,0.001,0.006
0.476,0.137,0.001,0.006
0.342,0.13,0.001,0.006
0.202,0.103,0.001,0.006
0.284,0.111,0.001,0.006
0.744,0.169,0.001,0.006
0.485,0.138,0.001,0.006
1.064,0.178,0.001,0.006
0.83,0.191,0.001,0.006
1.429,0.203,0.001,0.006
0.696,0.203,0.001,0.006
0.595,0.145,0.001,0.006
0.257,0.133,0.001,0.006
0.896,0.218,0.001,0.006
0.566,0.17,0.001,0.006
0.64,0.153,0.001,0.006
0.857,0.162,0.001,0.006
0.639,0.148,0.001,0.006
1.258,0.189,0.001,0.006
0.451,0.152,0.001,0.006
0.632,0.175,0.001,0.006
0,0,0.001,0
0.589,0.164,0.001,0.006
0.78,0.161,0.001,0.006
0.55,0.147,0.001,0.006
0.679,0.149,0.001,0.006
0.781,0.16,0.001,0.006
1.159,0.201,0.001,0.006
0.872,0.176,0.001,0.006
0.605,0.211,0.001,0.006
1.565,0.267,0.001,0.006
0.654,0.218,0.001,0.006
1.019,0.205,0.001,0.006
0.736,0.182,0.001,0.006
0.757,0.176,0.001,0.006
0.881,0.188,0.001,0.006
0.885,0.172,0.001,0.006
0.808,0.182,0.001,0.006
1.13,0.175,0.001,0.006
0.74,0.182,0.001,0.006
0.927,0.18,0.001,0.006
1.218,0.207,0.001,0.006
0.399,0.159,0.001,0.006
0.611,0.147,0.001,0.006
0.79,0.187,0.001,0.006
0.64,0.167,0.001,0.006
1.117,0.188,0.001,0.006
0.503,0.165,0.001,0.006
0.955,0.174,0.001,0.006
1.681,0.209,0.001,0.006
0.78,0.211,0.001,0.006
1.058,0.185,0.001,0.006
1.007,0.182,0.001,0.006
0.899,0.184,0.001,0.006
3.34,0.324,0.001,0.006
1.388,0.289,0.001,0.006
1.53,0.204,0.001,0.006
1.328,0.218,0.001,0.006
1.071,0.201,0.001,0.006
0.577,0.177,0.001,0.006
0.757,0.187,0.001,0.006
0.477,0.145,0.001,0.006
0.578,0.145,0.001,0.006
0.883,0.171,0.001,0.006
0.399,0.147,0.001,0.006
0.59,0.144,0.001,0.006
0.733,0.155,0.001,0.005
0.665,0.178,0.001,0.005
0.458,0.158,0.001,0.005
1.999,0.276,0.001,0.005
1.042,0.223,0.001,0.005
1.433,0.248,0.001,0.005
0.039,0.008,0.001,0
0.746,0.282,0.001,0.005
0.732,0.183,0.001,0.005
1.321,0.203,0.001,0.005
0.637,0.174,0.001,0.005
1.095,0.198,0.001,0.005
1.258,0.204,0.001,0.005
0.857,0.192,0.001,0.005
0.691,0.171,0.001,0.005
0.695,0.178,0.001,0.005
0.781,0.162,0.001,0.005
0.699,0.158,0.001,0.005
0.935,0.188,0.001,0.005
0.68,0.171,0.001,0.005
0.583,0.172,0.001,0.005
0.808,0.167,0.001,0.005
1.034,0.194,0.001,0.005
0.851,0.19,0.001,0.005
0.613,0.161,0.001,0.005
0.943,0.173,0.001,0.005
0.536,0.182,0.001,0.005
0.798,0.18,0.001,0.005
0.729,0.186,0.001,0.005
0.882,0.178,0.001,0.005
0.756,0.172,0.001,0.005
1.148,0.2,0.001,0.005
1.74,0.3,0.001,0.005
2.914,0.397,0.001,0.005
4.963,0.882,0.001,0.005
1.471,0.684,0.001,0.005
1.001,0.212,0.001,0.005
0.822,0.201,0.001,0.005
0.936,0.206,0.001,0.005
0.549,0.316,0.001,0.005
1.111,0.349,0.001,0.005
0.715,0.154,0.001,0.005
1.052,0.196,0.001,0.005
0.896,0.189,0.001,0.005
0.777,0.447,0.001,0.005
0.57,0.377,0.001,0.005
0.824,0.189,0.001,0.005
0.58,0.175,0.001,0.005
0.949,0.182,0.001,0.005
0.792,0.187,0.001,0.005
0.694,0.172,0.001,0.005
0.683,0.168,0.001,0.005
0.947,0.178,0.001,0.005
1.033,0.187,0.001,0.005
2.556,0.32,0.001,0.005
2.465,0.313,0.001,0.005
2.728,0.317,0.001,0.005
0.356,0.22,0.001,0.005
0.326,0.166,0.001,0.004
0.378,0.142,0.001,0.004
0.631,0.185,0.001,0.004
0.885,0.181,0.001,0.004
0.974,0.191,0.001,0.004
0.731,0.181,0.001,0.004
0.952,0.195,0.001,0.004
1.012,0.203,0.001,0.004
0.779,0.186,0.001,0.004
1.055,0.412,0.001,0.005
0.792,0.357,0.001,0.005
0.888,0.241,0.001,0.005
0.508,0.194,0.001,0.005
0.573,0.162,0.001,0.004
0.918,0.188,0.001,0.004
0.961,0.195,0.001,0.005
0.347,0.166,0.001,0.005
1.294,0.216,0.001,0.004
0.477,0.177,0.001,0.004
0.872,0.195,0.001,0.004
0.732,0.178,0.001,0.004
0.407,0.168,0.001,0.004
0.878,0.171,0.001,0.004
1.258,0.209,0.001,0.004
0.727,0.183,0.001,0.004
0.624,0.178,0.001,0.004
0.856,0.197,0.001,0.004
1.015,0.198,0.001,0.004
0.418,0.184,0.001,0.004
1.219,0.203,0.001,0.004
0.653,0.196,0.001,0.004
0.601,0.166,0.001,0.004
0.654,0.185,0.001,0.004
1.206,0.201,0.001,0.004
0.829,0.195,0.001,0.004
0.562,0.162,0.001,0.004
1.1,0.206,0.001,0.004
0.729,0.214,0.001,0.004
0.863,0.197,0.001,0.004
0.822,0.181,0.001,0.004
0.83,0.201,0.001,0.004
1.546,0.242,0.001,0.004
0.639,0.211,0.001,0.004
0.688,0.17,0.001,0.004
0.65,0.175,0.001,0.004
0.441,0.169,0.001,0.004
0.758,0.18,0.001,0.004
0.685,0.178,0.001,0.004
0.865,0.186,0.001,0.004
0.807,0.186,0.001,0.004
1.114,0.195,0.001,0.004
0.475,0.187,0.001,0.004
0.946,0.199,0.001,0.004
0.35,0.172,0.001,0.004
0.987,0.211,0.001,0.004
1.03,0.21,0.001,0.004
0.933,0.233,0.001,0.004
0.642,0.201,0.001,0.004
0.471,0.14,0.001,0.004
0.788,0.21,0.001,0.004
0.399,0.17,0.001,0.004
0.763,0.199,0.001,0.004
0.626,0.176,0.001,0.004
0.93,0.185,0.001,0.004
0.866,0.182,0.001,0.004
0.94,0.209,0.001,0.004
0.732,0.188,0.001,0.004
0.87,0.213,0.001,0.004
1.026,0.193,0.001,0.004
0.735,0.173,0.001,0.004
1.014,0.19,0.001,0.004
0.483,0.172,0.001,0.004
0.876,0.186,0.001,0.004
1.944,0.23,0.001,0.004
2.105,0.299,0.001,0.004
0.787,0.189,0.001,0.004
0.566,0.261,0.001,0.004
0.319,0.215,0.001,0.004
0.754,0.168,0.001,0.004
0.601,0.181,0.001,0.004
0.878,0.187,0.001,0.004
0.725,0.194,0.001,0.004
0.701,0.166,0.001,0.004
0.781,0.188,0.001,0.004
0.918,0.215,0.001,0.004
0.41,0.147,0.001,0.004
1.231,0.198,0.001,0.004
0.936,0.187,0.001,0.004
0.625,0.179,0.001,0.004
2.476,0.401,0.001,0.004
1.294,0.345,0.001,0.004
2.03,0.341,0.001,0.004
1.322,0.305,0.001,0.004
1.618,0.243,0.001,0.004
0.85,0.216,0.001,0.004
0.617,0.179,0.001,0.004
1.177,0.226,0.001,0.004
0.984,0.217,0.001,0.004
1.342,0.296,0.001,0.004
0.793,0.255,0.001,0.004
0.821,0.209,0.001,0.004
0.526,0.191,0.001,0.004
0.721,0.176,0.001,0.004
0.846,0.18,0.001,0.004
0.659,0.18,0.001,0.004
1.282,0.239,0.001,0.004
1.113,0.26,0.001,0.004
0.686,0.169,0.001,0.004
0.734,0.193,0.001,0.004
0.883,0.197,0.001,0.004
0.949,0.192,0.001,0.004
0.721,0.178,0.001,0.004
0.717,0.203,0.001,0.004
0.653,0.178,0.001,0.004
0.658,0.174,0.001,0.004
0.663,0.17,0.001,0.004
0.757,0.177,0.001,0.004
0.707,0.192,0.001,0.004
0.342,0.153,0.001,0.004
0.146,0.112,0.001,0.004
0.968,0.174,0.001,0.004
0.833,0.19,0.001,0.004
0.691,0.185,0.001,0.004
0.723,0.233,0.001,0.004
0.761,0.185,0.001,0.004
0.589,0.178,0.001,0.004
1.045,0.207,0.001,0.004
1.047,0.2,0.001,0.004
2.56,0.411,0.001,0.004
0.717,0.376,0.001,0.004
0.568,0.205,0.001,0.004
0.797,0.223,0.001,0.004
0.992,0.199,0.001,0.004
0.61,0.171,0.001,0.004
0.814,0.188,0.001,0.003
0.916,0.193,0.001,0.003
0.733,0.192,0.001,0.003
0.964,0.198,0.001,0.003
0.675,0.284,0.001,0.003
0.707,0.218,0.001,0.003
1.255,0.301,0.001,0.003
1.692,0.355,0.001,0.003
1.036,0.305,0.001,0.003
0.707,0.167,0.001,0.003
1.881,0.246,0.001,0.003
1.329,0.26,0.001,0.003
0.638,0.208,0.001,0.003
0.659,0.189,0.001,0.003
0.874,0.184,0.001,0.003
0.895,0.193,0.001,0.003
0.415,0.162,0.001,0.003
0.491,0.151,0.001,0.003
1.224,0.235,0.001,0.003
2.633,0.349,0.001,0.003
6.651,0.727,0.001,0.003
1.284,0.695,0.001,0.003
1.354,0.51,0.001,0.003
1.461,0.327,0.001,0.003
1.471,0.277,0.001,0.003
1.58,0.265,0.001,0.003
0.804,0.263,0.001,0.003
0.269,0.197,0.001,0.003
0.418,0.155,0.001,0.003
1.018,0.215,0.001,0.003
0.619,0.2,0.001,0.003
0.805,0.189,0.001,0.003
2.566,0.27,0.001,0.003
0.931,0.513,0.001,0.003
0.461,0.416,0.001,0.003
0.794,0.179,0.001,0.003
0.67,0.171,0.001,0.003
0.69,0.177,0.001,0.003
0.973,0.204,0.001,0.003
0.512,0.182,0.001,0.003
0.832,0.189,0.001,0.003
0.905,0.196,0.001,0.003
0.657,0.178,0.001,0.003
0.327,0.149,0.001,0.003
0.216,0.122,0.001,0.003
0.151,0.119,0.001,0.003
0.734,0.166,0.001,0.003
0.791,0.182,0.001,0.003
0.743,0.177,0.001,0.003
0.738,0.189,0.001,0.003
0.834,0.214,0.001,0.003
0.893,0.186,0.001,0.003
0.415,0.202,0.001,0.003
0.592,0.195,0.001,0.003
2.694,0.26,0.001,0.003
0.896,0.381,0.001,0.003
1.195,0.303,0.001,0.003
0.978,0.225,0.001,0.003
1.404,0.262,0.001,0.003
0.66,0.203,0.001,0.003
0.555,0.167,0.001,0.003
0.621,0.199,0.001,0.003
0.306,0.157,0.001,0.003
0.546,0.167,0.001,0.003
0.818,0.225,0.001,0.003
0.737,0.207,0.001,0.003
0.915,0.197,0.001,0.003
0.496,0.167,0.001,0.003
0.883,0.167,0.001,0.003
0.886,0.225,0.001,0.003
0.905,0.215,0.001,0.003
0.876,0.191,0.001,0.003
1.074,0.19,0.001,0.003
0.639,0.187,0.001,0.003
0.965,0.201,0.001,0.003
0.701,0.192,0.001,0.003
1.01,0.192,0.001,0.003
0.793,0.179,0.001,0.003
1.161,0.195,0.001,0.003
0.374,0.162,0.001,0.003
0.489,0.147,0.001,0.003
0.737,0.189,0.001,0.003
1.976,0.265,0.001,0.003
0.798,0.261,0.001,0.003
3.179,0.331,0.001,0.003
1.061,0.29,0.001,0.003
0.665,0.179,0.001,0.003
1.368,0.221,0.001,0.003
1.032,0.244,0.001,0.003
0.973,0.183,0.001,0.003
0,0,0.001,0
0.841,0.177,0.001,0.003
0.676,0.176,0.001,0.003
1.084,0.194,0.001,0.003
1.359,0.222,0.001,0.003
0.536,0.194,0.001,0.003
0.784,0.171,0.001,0.003
1.015,0.242,0.001,0.003
1.319,0.246,0.001,0.003
1.176,0.215,0.001,0.003
1.307,0.262,0.001,0.003
2.298,0.343,0.001,0.003
0.879,0.293,0.001,0.003
1.579,0.254,0.001,0.003
0.993,0.227,0.001,0.003
1.017,0.184,0.001,0.003
0.488,0.164,0.001,0.003
1.21,0.219,0.001,0.003
1.52,0.231,0.001,0.003
1.571,0.25,0.001,0.003
1.192,0.245,0.001,0.003
1.402,0.233,0.001,0.003
1.163,0.256,0.001,0.003
1.254,0.218,0.001,0.003
1.734,0.283,0.001,0.003
2.394,0.572,0.001,0.003
1.887,0.501,0.001,0.003
0.91,0.206,0.001,0.003
1.05,0.22,0.001,0.003
1.284,0.258,0.001,0.003
0.485,0.199,0.001,0.003
0.832,0.18,0.001,0.003
0.341,0.152,0.001,0.003
0.815,0.183,0.001,0.003
0.7,0.169,0.001,0.003
0.687,0.19,0.001,0.003
0.702,0.159,0.001,0.003
0.72,0.337,0.001,0.003
0.641,0.284,0.001,0.003
1.002,0.181,0.001,0.003
1.451,0.236,0.001,0.003
1.1,0.227,0.001,0.003
1.254,0.218,0.001,0.003
0.719,0.245,0.001,0.003
0.989,0.214,0.001,0.003
4.281,0.491,0.001,0.003
0.71,0.337,0.001,0.003
0.891,0.19,0.001,0.003
1.609,0.375,0.001,0.003
1.185,0.357,0.001,0.003
0.695,0.171,0.001,0.003
0.775,0.188,0.001,0.003
0.927,0.217,0.001,0.003
0.925,0.221,0.001,0.003
0.875,0.241,0.001,0.003
0.863,0.221,0.001,0.003
0.85,0.188,0.001,0.003
0.613,0.202,0.001,0.003
0.871,0.188,0.001,0.003
0.909,0.192,0.001,0.003
0.986,0.23,0.001,0.003
1.31,0.274,0.001,0.003
0.593,0.232,0.001,0.003
1.132,0.208,0.001,0.003
2.262,0.304,0.001,0.003
2.399,0.338,0.001,0.003
2.27,0.32,0.001,0.003
1.452,0.359,0.001,0.003
1.312,0.314,0.001,0.003
1.275,0.252,0.001,0.003
0.815,0.226,0.001,0.003
0.604,0.183,0.001,0.003
1.102,0.244,0.001,0.003
0.436,0.19,0.001,0.003
0.804,0.18,0.001,0.003
0.573,0.156,0.001,0.003
0.416,0.153,0.001,0.003
0.775,0.177,0.001,0.003
0.384,0.156,0.001,0.003
1.055,0.189,0.001,0.003
0.593,0.176,0.001,0.003
0.836,0.191,0.001,0.003
0.976,0.189,0.001,0.003
1.099,0.201,0.001,0.003
0.806,0.198,0.001,0.003
0.79,0.174,0.001,0.003
0.546,0.167,0.001,0.003
0.771,0.179,0.001,0.003
0.811,0.216,0.001,0.003
1.003,0.195,0.001,0.003
0.916,0.2,0.001,0.003
0.928,0.187,0.001,0.003
0.995,0.203,0.001,0.003
1.039,0.207,0.001,0.003
0.521,0.165,0.001,0.003
1.16,0.21,0.001,0.003
1.196,0.225,0.001,0.003
0.884,0.248,0.001,0.003
0.77,0.22,0.001,0.003
0.894,0.2,0.001,0.003
0.514,0.172,0.001,0.003
0.641,0.209,0.001,0.003
1.204,0.235,0.001,0.003
1.136,0.232,0.001,0.003
0.881,0.236,0.001,0.003
0.865,0.175,0.001,0.003
0.738,0.193,0.001,0.003
0.942,0.19,0.001,0.003
0.716,0.187,0.001,0.003
0.292,0.135,0.001,0.003
1.125,0.194,0.001,0.003
1.247,0.231,0.001,0.003
3.694,0.367,0.001,0.003
0.857,0.405,0.001,0.003
0.839,0.268,0.001,0.003
0.963,0.251,0.001,0.003
0.732,0.233,0.001,0.003
0.701,0.17,0.001,0.003
1.366,0.218,0.001,0.003
0.679,0.215,0.001,0.003
0.819,0.199,0.001,0.003
1.044,0.22,0.001,0.003
0.875,0.231,0.001,0.003
0.716,0.18,0.001,0.003
0.938,0.189,0.001,0.003
0.539,0.169,0.001,0.003
0.809,0.196,0.001,0.003
0.602,0.164,0.001,0.003
0.982,0.218,0.001,0.003
0.787,0.182,0.001,0.003
0.681,0.18,0.001,0.003
0.664,0.17,0.001,0.003
0.604,0.177,0.001,0.003
0.827,0.186,0.001,0.003
0.559,0.179,0.001,0.003
0.163,0.116,0.001,0.003
0.575,0.157,0.001,0.003
0.853,0.179,0.001,0.003
2.15,0.296,0.001,0.003
1.24,0.276,0.001,0.003
2.139,0.327,0.001,0.003
0.694,0.261,0.001,0.003
0.763,0.181,0.001,0.003
1.109,0.205,0.001,0.003
0.924,0.201,0.001,0.003
1.306,0.221,0.001,0.003
0.87,0.216,0.001,0.003
0.86,0.181,0.001,0.003
1.108,0.196,0.001,0.003
0.859,0.237,0.001,0.003
0.904,0.187,0.001,0.003
1.023,0.189,0.001,0.003
0.85,0.193,0.001,0.003
1.528,0.21,0.001,0.003
0.995,0.453,0.001,0.003
1.141,0.41,0.001,0.003
1.99,0.276,0.001,0.003
1.852,0.303,0.001,0.003
1.589,0.277,0.001,0.003
2.124,0.36,0.001,0.003
1.205,0.315,0.001,0.003
1.227,0.21,0.001,0.003
1.131,0.217,0.001,0.003
1.117,0.214,0.001,0.003
1.04,0.209,0.001,0.003
0.768,0.193,0.001,0.003
0.767,0.184,0.001,0.003
0.861,0.195,0.001,0.003
0.53,0.174,0.001,0.003
0.991,0.2,0.001,0.003
0.962,0.193,0.001,0.003
0.838,0.21,0.001,0.003
0.813,0.188,0.001,0.003
0.875,0.195,0.001,0.003
0.881,0.181,0.001,0.003
0.906,0.202,0.001,0.003
1.356,0.214,0.001,0.003
2.044,0.253,0.001,0.003
2.365,0.302,0.001,0.003
2.234,0.34,0.001,0.003
0.837,0.259,0.001,0.003
0.904,0.186,0.001,0.003
0.723,0.205,0.001,0.003
1.033,0.201,0.001,0.003
0.937,0.217,0.001,0.003
0.762,0.202,0.001,0.003
0.772,0.197,0.001,0.003
1.244,0.207,0.001,0.003
0.747,0.231,0.001,0.003
1.42,0.214,0.001,0.002
0.735,0.221,0.001,0.002
1.074,0.203,0.001,0.002
0.969,0.192,0.001,0.002
0.809,0.186,0.001,0.002
0.822,0.3,0.001,0.003
0.576,0.244,0.001,0.003
0.677,0.168,0.001,0.002
0.902,0.185,0.001,0.002
0.863,0.198,0.001,0.002
1.056,0.215,0.001,0.002
0.939,0.274,0.001,0.002
0.782,0.207,0.001,0.002
0.878,0.197,0.001,0.002
1.11,0.203,0.001,0.002
1.165,0.197,0.001,0.002
1.475,0.237,0.001,0.002
0.734,0.21,0.001,0.002
1.143,0.219,0.001,0.002
2.959,0.299,0.001,0.002
0,0,0.001,0
1.48,0.341,0.001,0.002
1.716,0.266,0.001,0.002
0.89,0.235,0.001,0.002
1.115,0.201,0.001,0.002
0.645,0.211,0.001,0.002
1.244,0.214,0.001,0.002
0.558,0.192,0.001,0.002
0.72,0.207,0.001,0.002
0.54,0.193,0.001,0.002
0.771,0.214,0.001,0.002
2.769,0.329,0.001,0.002
1.116,0.402,0.001,0.002
0.744,0.328,0.001,0.002
1.381,0.287,0.001,0.002
1.573,0.315,0.001,0.002
0.83,0.283,0.001,0.002
0.859,0.205,0.001,0.002
0.812,0.217,0.001,0.002
1.044,0.216,0.001,0.002
1.378,0.224,0.001,0.002
0.755,0.204,0.001,0.002
1.313,0.221,0.001,0.002
0.843,0.211,0.001,0.002
0.685,0.193,0.001,0.002
1.118,0.236,0.001,0.002
0.997,0.235,0.001,0.002
0.85,0.2,0.001,0.002
0.751,0.189,0.001,0.002
0.609,0.178,0.001,0.002
0.51,0.177,0.001,0.002
0.602,0.173,0.001,0.002
0.639,0.189,0.001,0.002
0.797,0.202,0.001,0.002
0.803,0.191,0.001,0.002
1.585,0.255,0.001,0.002
0.918,0.227,0.001,0.002
1.028,0.236,0.001,0.002
0.794,0.215,0.001,0.002
0.533,0.196,0.001,0.002
0.874,0.191,0.001,0.002
0.739,0.187,0.001,0.002
0.776,0.187,0.001,0.002
0.644,0.198,0.001,0.002
0.911,0.227,0.001,0.002
1.002,0.243,0.001,0.002
1.031,0.252,0.001,0.002
0.533,0.178,0.001,0.002
0.761,0.186,0.001,0.002
0.547,0.174,0.001,0.002
0.836,0.189,0.001,0.002
1.274,0.254,0.001,0.002
0.621,0.226,0.001,0.002
1.067,0.239,0.001,0.002
1.266,0.238,0.001,0.002
0.935,0.221,0.001,0.002
1.086,0.224,0.001,0.002
0.588,0.194,0.001,0.002
0.464,0.163,0.001,0.002
0.875,0.177,0.001,0.002
0.483,0.183,0.001,0.002
0.456,0.161,0.001,0.002
0.724,0.179,0.001,0.002
0.475,0.176,0.001,0.002
0.959,0.192,0.001,0.002
1.794,0.247,0.001,0.002
1.21,0.242,0.001,0.002
0.401,0.161,0.001,0.002
0.586,0.168,0.001,0.002
0.866,0.185,0.001,0.002
0.776,0.199,0.001,0.002
0.589,0.19,0.001,0.002
0.433,0.244,0.001,0.002
0.555,0.228,0.001,0.002
1.15,0.211,0.001,0.002
0.978,0.198,0.001,0.002
2.303,0.273,0.001,0.002
0.796,0.24,0.001,0.002
0.61,0.165,0.001,0.002
0.652,0.172,0.001,0.002
1.032,0.235,0.001,0.002
0.82,0.225,0.001,0.002
1.039,0.233,0.001,0.002
0.951,0.202,0.001,0.002
0.774,0.188,0.001,0.002
1.384,0.223,0.001,0.002
0.607,0.242,0.001,0.002
0.946,0.202,0.001,0.002
0.392,0.167,0.001,0.002
0.968,0.177,0.001,0.002
0.907,0.215,0.001,0.002
2.48,0.29,0.001,0.002
1.046,0.293,0.001,0.002
1.537,0.26,0.001,0.002
0.481,0.218,0.001,0.002
0.862,0.205,0.001,0.002
1.128,0.206,0.001,0.002
0.99,0.199,0.001,0.002
0.91,0.203,0.001,0.002
1.24,0.203,0.001,0.002
1.38,0.234,0.001,0.002
0.766,0.231,0.001,0.002
0.816,0.19,0.001,0.002
1.299,0.225,0.001,0.002
0.715,0.199,0.001,0.002
0.831,0.193,0.001,0.002
0.909,0.19,0.001,0.002
0.741,0.186,0.001,0.002
0.505,0.167,0.001,0.002
0.97,0.194,0.001,0.002
1.05,0.208,0.001,0.002
0.564,0.18,0.001,0.002
0.959,0.201,0.001,0.002
0.938,0.195,0.001,0.002
0.708,0.183,0.001,0.002
0.448,0.153,0.001,0.002
0.534,0.17,0.001,0.002
0.522,0.158,0.001,0.002
0.641,0.173,0.001,0.002
1.66,0.22,0.001,0.002
1.622,0.282,0.001,0.002
3.624,0.356,0.001,0.002
0.907,0.35,0.001,0.002
0.776,0.24,0.001,0.002
0.644,0.184,0.001,0.002
0.55,0.168,0.001,0.002
1.368,0.207,0.001,0.002
0.815,0.302,0.001,0.002
0.862,0.259,0.001,0.002
0.813,0.205,0.001,0.002
0.906,0.262,0.001,0.002
1.311,0.254,0.001,0.002
1.475,0.242,0.001,0.002
1.186,0.246,0.001,0.002
2.092,0.268,0.001,0.002
1.302,0.254,0.001,0.002
1.222,0.251,0.001,0.002
1.079,0.236,0.001,0.002
0.786,0.201,0.001,0.002
0.709,0.197,0.001,0.002
0.565,0.168,0.001,0.002
1.093,0.216,0.001,0.002
0.396,0.184,0.001,0.002
1.196,0.271,0.001,0.002
2.998,0.332,0.001,0.002
2.586,0.342,0.001,0.002
1.656,0.333,0.001,0.002
0.892,0.224,0.001,0.002
0.896,0.213,0.001,0.002
1.585,0.264,0.001,0.002
1.21,0.234,0.001,0.002
0.986,0.224,0.001,0.002
0.676,0.197,0.001,0.002
0.946,0.221,0.001,0.002
0.514,0.199,0.001,0.002
0.714,0.19,0.001,0.002
0.792,0.2,0.001,0.002
0.602,0.188,0.001,0.002
1.012,0.226,0.001,0.002
0.631,0.191,0.001,0.002
0.543,0.213,0.001,0.002
0.774,0.2,0.001,0.002
0.838,0.204,0.001,0.002
0.75,0.191,0.001,0.002
1.614,0.26,0.001,0.002
0.714,0.241,0.001,0.002
0.649,0.206,0.001,0.002
0.386,0.172,0.001,0.002
0.399,0.169,0.001,0.002
1.104,0.194,0.001,0.002
0.807,0.203,0.001,0.002
1.108,0.218,0.001,0.002
0.717,0.204,0.001,0.002
1.688,0.242,0.001,0.002
0.808,0.22,0.001,0.002
1.565,0.247,0.001,0.002
1.256,0.245,0.001,0.002
0.738,0.215,0.001,0.002
0.836,0.198,0.001,0.002
1.016,0.215,0.001,0.002
0.695,0.195,0.001,0.002
0.952,0.227,0.001,0.002
0.559,0.177,0.001,0.002
1.855,0.335,0.001,0.002
0.821,0.306,0.001,0.002
0.836,0.204,0.001,0.002
0.681,0.264,0.001,0.002
1.03,0.284,0.001,0.002
0.842,0.257,0.001,0.002
0.559,0.16,0.001,0.002
0.733,0.178,0.001,0.002
0.843,0.199,0.001,0.002
0.871,0.188,0.001,0.002
0.886,0.192,0.001,0.002
1.019,0.214,0.001,0.002
1.011,0.221,0.001,0.002
1.215,0.218,0.001,0.002
0.971,0.241,0.001,0.002
0.795,0.23,0.001,0.002
0.888,0.224,0.001,0.002
0.985,0.208,0.001,0.002
0.49,0.195,0.001,0.002
0.631,0.187,0.001,0.002
1.051,0.215,0.001,0.002
0.392,0.189,0.001,0.002
0.772,0.189,0.001,0.002
0.688,0.181,0.001,0.002
1.186,0.208,0.001,0.002
0.821,0.202,0.001,0.002
1.03,0.206,0.001,0.002
0.866,0.197,0.001,0.002
0.676,0.195,0.001,0.002
0.598,0.179,0.001,0.002
0.936,0.195,0.001,0.002
0.716,0.193,0.001,0.002
0.97,0.198,0.001,0.002
0.745,0.208,0.001,0.002
0.894,0.184,0.001,0.002
1.621,0.339,0.001,0.002
1.05,0.259,0.001,0.002
1.043,0.213,0.001,0.002
0.819,0.203,0.001,0.002
0.671,0.189,0.001,0.002
0.346,0.153,0.001,0.002
1.154,0.193,0.001,0.002
0.785,0.198,0.001,0.002
0.563,0.161,0.001,0.002
0.271,0.146,0.001,0.002
0.133,0.115,0.001,0.002
0.659,0.177,0.001,0.002
0.511,0.172,0.001,0.002
0.91,0.209,0.001,0.002
0.831,0.201,0.001,0.002
1.001,0.186,0.001,0.002
1.275,0.267,0.001,0.002
1.382,0.253,0.001,0.002
1.258,0.277,0.001,0.002
1.085,0.222,0.001,0.002
0.779,0.203,0.001,0.002
0.989,0.195,0.001,0.002
1.152,0.225,0.001,0.002
0.879,0.207,0.001,0.002
1.809,0.261,0.001,0.002
0.852,0.224,0.001,0.002
1.263,0.23,0.001,0.002
1.07,0.205,0.001,0.002
1.149,0.228,0.001,0.002
0.74,0.193,0.001,0.002
0.732,0.172,0.001,0.002
0.6,0.174,0.001,0.002
0.761,0.197,0.001,0.002
1.064,0.203,0.001,0.002
0.774,0.201,0.001,0.002
0.891,0.193,0.001,0.002
0.777,0.203,0.001,0.002
0.791,0.182,0.001,0.002
0.788,0.184,0.001,0.002
0.925,0.185,0.001,0.002
0.788,0.207,0.001,0.002
0.657,0.189,0.001,0.002
0.426,0.177,0.001,0.002
0.724,0.19,0.001,0.002
0.719,0.204,0.001,0.002
0.619,0.173,0.001,0.002
0.611,0.169,0.001,0.002
0.591,0.182,0.001,0.002
1.072,0.242,0.001,0.002
0.714,0.21,0.001,0.002
0.737,0.183,0.001,0.002
0.857,0.198,0.001,0.002
3.048,0.403,0.001,0.002
1.186,0.501,0.001,0.002
1.112,0.256,0.001,0.002
0.563,0.22,0.001,0.002
0.921,0.194,0.001,0.002
1,0.2,0.001,0.002
0.84,0.205,0.001,0.002
0.592,0.186,0.001,0.002
0.933,0.189,0.001,0.002
0.983,0.206,0.001,0.002
1.094,0.204,0.001,0.002
0.797,0.196,0.001,0.002
0.78,0.178,0.001,0.002
0.726,0.179,0.001,0.002
0.881,0.191,0.001,0.002
0.97,0.202,0.001,0.002
0.551,0.182,0.001,0.002
0.695,0.18,0.001,0.002
1.308,0.219,0.001,0.002
2.422,0.272,0.001,0.002
2.883,0.361,0.001,0.002
0.51,0.271,0.001,0.002
0.587,0.176,0.001,0.002
1.126,0.207,0.001,0.002
0.798,0.208,0.001,0.002
0.502,0.196,0.001,0.002
0.557,0.172,0.001,0.002
0.738,0.187,0.001,0.002
0.879,0.187,0.001,0.002
0.889,0.195,0.001,0.002
0.514,0.182,0.001,0.002
0.853,0.212,0.001,0.002
0.843,0.2,0.001,0.002
1.025,0.204,0.001,0.002
0.884,0.207,0.001,0.002
1.171,0.205,0.001,0.002
0.767,0.195,0.001,0.002
1.055,0.206,0.001,0.002
1.034,0.198,0.001,0.002
0.763,0.197,0.001,0.002
0.637,0.17,0.001,0.002
0.54,0.162,0.001,0.002
0.818,0.215,0.001,0.002
0.814,0.202,0.001,0.002
0.984,0.199,0.001,0.002
0.899,0.189,0.001,0.002
0.693,0.178,0.001,0.002
0.676,0.17,0.001,0.002
0.655,0.178,0.001,0.002
0.851,0.198,0.001,0.002
0.656,0.186,0.001,0.002
0.886,0.19,0.001,0.002
0.93,0.189,0.001,0.002
0.712,0.189,0.001,0.002
0.654,0.203,0.001,0.002
0.978,0.194,0.001,0.002
0.873,0.193,0.001,0.002
0.632,0.172,0.001,0.002
0.861,0.193,0.001,0.002
0.616,0.199,0.001,0.002
0.669,0.183,0.001,0.002
1.007,0.199,0.001,0.002
0.936,0.199,0.001,0.002
1.113,0.196,0.001,0.002
0.927,0.181,0.001,0.002
0.919,0.223,0.001,0.002
0.65,0.165,0.001,0.002
0.803,0.195,0.001,0.002
0.746,0.183,0.001,0.002
0.76,0.274,0.001,0.002
1.126,0.269,0.001,0.002
1.424,0.259,0.001,0.002
0.532,0.224,0.001,0.002
1.097,0.2,0.001,0.002
0.971,0.206,0.001,0.002
0.566,0.166,0.001,0.002
1.092,0.187,0.001,0.002
0.192,0.145,0.001,0.002
0.375,0.14,0.001,0.002
0.418,0.151,0.001,0.002
0.482,0.162,0.001,0.002
0.9,0.182,0.001,0.002
0.676,0.188,0.001,0.002
1.076,0.226,0.001,0.002
0.76,0.197,0.001,0.002
1.046,0.208,0.001,0.002
1.086,0.203,0.001,0.002
0.713,0.189,0.001,0.002
0.736,0.187,0.001,0.002
0.875,0.19,0.001,0.002
1,0.199,0.001,0.002
0.811,0.254,0.001,0.002
0.833,0.224,0.001,0.002
0.895,0.191,0.001,0.002
1.18,0.235,0.001,0.002
1.307,0.225,0.001,0.002
1.145,0.22,0.001,0.002
0.763,0.178,0.001,0.002
1.029,0.199,0.001,0.002
3.164,0.333,0.001,0.002
1.23,0.3,0.001,0.002
1.063,0.201,0.001,0.002
0.898,0.205,0.001,0.002
0.537,0.179,0.001,0.002
1.101,0.208,0.001,0.002
1.431,0.217,0.001,0.002
0.657,0.212,0.001,0.002
1.386,0.215,0.001,0.002
1.61,0.234,0.001,0.002
1.963,0.325,0.001,0.002
1.995,0.31,0.001,0.002
1.307,0.243,0.001,0.002
2.04,0.284,0.001,0.002
1.351,0.271,0.001,0.002
1.363,0.231,0.001,0.002
1.784,0.242,0.001,0.002
1.763,0.265,0.001,0.002
1.153,0.25,0.001,0.002
2.581,0.312,0.001,0.002
1.713,0.307,0.001,0.002
0.827,0.188,0.001,0.002
1.394,0.223,0.001,0.002
0.69,0.21,0.001,0.002
0.862,0.194,0.001,0.002
0.729,0.191,0.001,0.002
0.335,0.138,0.001,0.002
1.058,0.2,0.001,0.002
0.588,0.181,0.001,0.002
0.883,0.191,0.001,0.002
0.568,0.177,0.001,0.001
1.078,0.205,0.001,0.001
0.772,0.211,0.001,0.001
0.975,0.197,0.001,0.001
0.757,0.186,0.001,0.001
1.184,0.206,0.001,0.001
0.895,0.209,0.001,0.001
0.769,0.205,0.001,0.001
0.407,0.193,0.001,0.001
0.248,0.158,0.001,0.001
0.598,0.161,0.001,0.001
0.88,0.183,0.001,0.001
0.992,0.197,0.001,0.001
0.877,0.203,0.001,0.001
0.809,0.232,0.001,0.001
